feature_1,feature_2,feature_3,feature_4,feature_5,feature_6,feature_7,feature_8,feature_9,feature_10
68,-73,34,-46,-50,-108,-150,-189,-59,172
105,-41,-43,-209,112,-97,197,185,-20,-62
-36,49,-105,204,13,-247,158,90,207,67
39,-173,-64,-58,-55,299,-161,-70,-159,-150
162,-41,95,-11,-52,17,154,-105,85,-102
76,-79,-192,-16,-21,-32,-9,-113,130,-87
-48,-88,-36,-62,64,106,-17,13,-52,43
47,-900,0,-13,-30,-82,3,-15,-16,133
-18,161,58,-34,128,-42,-126,-84,16,48
-58,0,69,52,-9,-28,-55,-114,140,-105
25,-45,-49,92,-34,55,-81,53,63,-80
116,-96,-25,57,28,-1,-130,127,-36,-9
84,122,33,-36,-142,21,-84,41,0,-105
-32,-77,-16,9,-51,-30,-7,252,117,164
12,-139,-11,37,-167,166,64,-74,43,9
-141,-107,-175,-138,48,-26,181,-75,-120,-13
-96,35,-69,-105,66,-48,67,33,54,45
40,132,33,9,-147,-33,102,-81,-88,-18
-147,-116,229,-147,4,172,42,67,98,95
-49,147,-124,-118,80,32,-107,-27,138,-79
-32,81,-171,0,-22,-7,149,-55,104,-89
2,-85,55,-129,-51,-74,-95,24,157,35
93,-108,-1,29,-119,-79,310,21,72,-59
-38,69,48,7,-186,-111,-13,-40,-2,48
-132,-47,4,31,58,-207,77,4,-242,-26
91,-55,-148,234,-69,-126,-17,-53,170,-38
-149,3,112,-196,33,-49,107,-126,-162,107
-37,83,12,-5,169,1,-36,-32,29,7
57,-32,-178,29,-211,229,98,59,34,145
19,-90,-17,-54,-64,71,63,-32,-92,4
-175,128,42,160,128,25,-103,87,74,6
-48,41,-81,-161,-2,-6,155,-26,-2,-157
-90,80,-11,-29,-191,-71,-26,-163,-99,-100
-33,-55,92,88,179,157,-122,104,-139,-129
-68,-47,26,100,128,-17,-19,25,-51,6
-165,31,15,96,19,56,-174,-158,-22,24
193,9,-205,1,8,18,89,20,55,-83
12,-96,-10,21,125,-17,-46,77,-112,155
59,40,87,14,121,128,-50,83,-22,-50
-108,-78,86,26,29,-35,80,-142,58,-169
-47,-198,31,96,74,-21,-159,-250,-159,-91
111,50,-36,201,17,36,9,59,-11,4
160,-105,14,11,-22,68,177,79,127,-26
37,-87,-122,-64,-12,69,41,-60,-8,23
-231,95,6,124,178,12,17,-159,-126,72
-132,-253,30,-128,-50,-97,-61,75,-114,-5
-169,-2,-41,-117,-46,39,-25,-11,-58,-100
-55,73,54,-35,-46,130,121,25,38,-56
-48,54,213,-118,19,-18,100,-102,77,39
61,107,-68,21,105,-75,87,0,230,74
3,-51,65,132,-133,-136,-40,-17,-23,-4
-76,128,154,-114,-131,11,-49,-38,-25,-104
-90,-32,33,58,54,69,46,60,1,107
-171,-96,107,179,-130,-50,139,119,-172,91
0,-90,-55,116,-121,-21,10,8,-158,-7
-11,-19,101,-64,-89,88,96,-29,7,-65
114,-133,-43,15,220,-6,39,105,-61,-154
108,92,24,59,-38,93,-18,-85,-11,93
19,905,-77,-82,-62,-24,-82,-149,-135,19
47,-122,135,25,-31,36,156,25,136,-62
-21,905,90,-93,-271,-176,89,-84,140,29
-76,21,-21,141,-99,-5,44,-112,-180,-20
-18,153,-20,253,-91,95,-92,-178,-111,-42
137,179,-93,-42,4,245,94,-185,-4,-139
11,59,-81,-36,10,98,67,-6,167,30
31,-96,-120,51,55,-91,113,122,103,-15
-93,-253,-76,40,11,5,111,64,53,-25
-15,-69,81,18,51,0,-5,65,42,-126
-64,34,56,179,23,-60,-161,78,-90,61
-132,39,-20,-233,-123,64,-235,89,73,-87
-121,49,97,-48,98,75,-9,-10,-63,130
0,39,98,111,61,-86,-70,-31,158,-63
38,75,106,83,-150,0,-66,50,-99,-124
-176,-67,-68,-26,-164,116,79,149,178,-113
-138,-164,90,147,-170,-125,57,290,102,158
-119,-4,-8,-15,-72,123,12,-24,48,173
-106,69,-63,94,-88,119,-227,-43,90,-1
193,-92,51,-93,3,82,99,147,-39,231
43,-68,-115,127,224,-36,82,-35,178,100
-20,107,91,179,73,-91,-251,129,265,43
101,-1,12,197,12,-22,-15,43,134,212
-113,-68,-77,52,31,-31,-86,49,-63,-82
-46,-165,99,119,-293,47,-27,-11,95,119
25,16,-7,39,-4,228,-118,6,-39,23
133,-900,103,-120,26,-13,72,-35,89,217
83,905,-7,-38,-31,78,-11,38,30,125
-46,-25,2,118,-113,-46,92,127,65,-13
11,-72,85,104,60,-142,-67,61,47,-33
130,905,-17,-1,-127,-70,-220,-28,176,-98
126,118,149,-220,0,35,42,-93,-162,147
-12,-40,59,134,30,-45,38,-173,77,-125
10,75,72,-131,25,-4,-87,85,273,95
-20,114,-117,-65,97,-39,-169,112,-207,-16
99,-181,-59,-99,-106,38,153,41,235,125
-17,-900,-53,26,87,132,-112,68,45,42
-40,17,140,-5,112,-14,84,81,-64,-11
61,-900,-156,117,9,-25,99,20,25,-5
16,163,-36,71,6,-69,3,-67,-8,-178
86,39,-24,-67,73,-10,123,46,11,78
-50,-22,14,-7,70,-113,45,39,2,85
-81,30,15,163,-272,12,-163,-169,78,-275
-98,108,-214,-46,-55,-88,0,38,54,-85
61,153,168,-84,86,95,53,-4,-142,66
-29,33,53,-117,92,54,6,-190,116,-6
244,-33,-13,50,-61,-79,-7,207,-69,-5
-199,34,-112,170,-58,-90,-39,-70,-20,3
-52,17,218,-118,-102,116,60,-74,-20,94
-61,-14,-41,112,99,1,-161,-35,94,4
77,-160,105,-94,-125,68,-78,41,5,-114
-21,171,-48,-17,58,48,-256,-133,0,97
-26,60,-32,58,-161,-110,16,66,182,38
-52,-123,249,-61,-88,-11,-14,68,91,-98
1,59,-141,18,82,-34,-64,31,120,21
118,-34,-72,27,38,-16,-41,205,186,-108
92,1,-72,22,175,-42,48,-14,-129,-12
152,131,80,25,204,-156,-60,-3,-39,-36
-96,110,-20,231,-70,-60,-123,56,-70,-76
39,18,-9,66,19,96,-88,72,133,-103
26,-94,-9,-179,9,65,200,52,73,-24
-149,77,98,160,10,24,42,73,-112,-31
80,176,-17,91,6,-53,16,184,212,17
40,10,209,62,-130,-4,16,101,-10,8
-6,-25,-54,-54,68,8,99,-69,-93,38
78,29,-102,-82,78,-12,38,-178,28,-172
-97,-126,-122,-82,-4,70,16,-9,0,-105
-60,-147,-146,36,33,-103,127,-135,6,27
-86,215,135,-42,-37,-163,-147,-108,47,-76
-71,-151,-2,41,23,-120,6,193,-138,-134
-55,-46,56,72,68,-37,-37,102,13,-102
-58,22,153,-200,-160,-77,-100,-33,142,-87
-172,115,193,116,131,47,58,-38,-91,49
171,-47,79,69,-79,-76,-67,-59,82,19
-28,58,-40,-32,-79,126,-202,19,11,-43
19,-26,-32,-130,66,102,-38,-40,49,61
11,38,100,77,-160,-148,30,118,65,-83
-26,-159,-163,-73,284,13,-36,27,23,101
54,61,104,96,-199,-62,-12,102,120,-68
255,1,-4,59,7,72,84,-12,-88,-26
23,905,102,150,-21,-55,-179,-112,121,206
23,-900,-38,133,-191,7,24,118,80,-200
102,99,-22,33,-80,2,78,29,11,56
0,83,92,15,-19,30,42,79,-13,-25
-10,-21,-112,-114,-34,58,-104,43,-145,31
128,-8,-104,137,-48,19,9,-12,154,193
-38,-78,-33,-227,-56,71,-235,-40,-57,-109
-169,24,7,58,106,67,108,-16,-175,-68
26,0,-37,52,-112,26,-43,25,-94,-67
-8,-50,-14,-149,8,-302,-40,112,51,-5
-191,167,9,53,-118,-138,20,-18,27,121
-5,-47,79,-61,84,-42,-69,-214,-119,-146
40,105,10,-41,-19,16,-103,-117,-27,121
16,38,-196,100,49,-78,47,-48,-63,58
8,-900,105,16,28,-275,182,-180,-92,70
48,70,53,55,-41,107,-14,13,36,-145
-15,114,62,-105,82,137,52,50,-87,8
-78,19,-125,101,57,55,-75,0,8,-68
10,-54,84,62,-131,-225,129,180,34,177
-69,-36,-194,5,127,122,-102,82,27,187
-16,-62,-2,-100,-67,143,57,-4,-134,99
-118,-116,131,-75,55,-106,-211,26,-120,141
146,-20,-27,84,-1,16,35,107,39,71
72,33,-59,-230,-124,-53,74,159,-131,-17
-110,-5,1,106,118,130,216,-198,102,16
-131,107,-15,27,-131,-62,-70,-122,-97,100
98,-9,-74,160,-57,-46,-31,38,-54,112
-78,-198,-77,117,139,-35,33,-114,-20,-71
54,47,-46,-24,15,-126,-64,55,-57,14
24,905,-25,-5,108,140,10,37,-48,-96
21,207,-79,-35,12,34,176,67,33,-70
-15,-156,-146,-62,101,145,41,8,-56,32
-226,-123,63,-67,47,-20,-229,-2,-30,52
189,88,22,-36,-36,-90,7,34,-31,206
-95,57,-12,30,57,-163,0,-110,-75,13
-79,-108,73,-41,26,83,71,-84,55,-28
40,-59,-45,41,0,-71,33,-149,-15,147
-48,115,-7,-63,87,-26,-1,-61,-26,-112
-36,57,-138,-18,68,-24,31,-18,-3,77
81,52,43,-30,34,-48,108,-45,-192,4
23,-131,64,-5,-74,-137,-157,121,-23,-3
13,3,-101,-87,161,-18,33,18,-28,94
125,-26,153,-132,-164,-84,63,-122,-28,25
17,-73,-5,47,-16,-283,-152,-54,50,58
162,143,27,29,62,41,14,16,34,-89
-60,-53,83,-43,-45,-233,-132,-177,-16,89
-185,93,-19,2,127,-76,-114,70,122,52
214,14,-24,25,-135,127,-107,-81,78,142
16,14,-62,133,91,124,-230,45,143,29
-30,-28,100,-6,79,-105,142,127,91,-9
135,8,-41,-118,-5,-15,-5,-77,-8,-151
-73,-76,-99,47,-36,-9,-150,42,33,-4
-229,-136,-118,21,117,-115,-77,138,33,46
116,-87,3,243,-133,-102,119,38,24,78
-6,-27,-196,-86,-119,49,60,72,150,34
32,14,94,169,-3,-9,24,-7,49,-237
10,-63,10,-21,11,104,-73,-39,0,220
71,-65,-52,-39,-94,-38,-16,195,62,91
219,0,238,-77,-8,8,-66,-37,-13,-30
-23,139,67,24,-222,-1,-70,17,-91,-16
58,-21,176,-16,100,218,86,-76,112,41
-197,58,171,-101,118,187,129,-3,-110,26
38,-19,-38,133,100,-66,103,32,20,-170
4,-79,-78,131,-251,76,32,-84,213,-12
-77,85,-5,-117,114,36,-6,-7,63,89
58,220,90,-43,90,97,120,-63,94,15
65,-10,126,85,108,93,-113,66,-18,-27
75,21,243,79,78,-29,-194,115,-43,-59
137,73,-60,73,19,80,115,18,-36,-19
-28,-107,29,-26,102,38,-139,-84,-90,55
-174,47,36,-82,46,-41,-88,-26,80,-102
-19,122,-120,-13,-132,145,-35,-41,-105,-131
-8,3,-12,110,75,-54,87,137,16,-7
-101,-900,-106,7,-12,-24,117,-17,-27,-2
116,-63,148,-2,78,224,183,-41,-7,62
0,-30,-283,7,100,35,38,-43,-133,-95
41,73,230,-42,-142,-15,-54,-108,-53,41
57,-62,3,76,-57,57,47,-169,-61,-147
-81,-900,117,-165,122,-85,-88,-36,-47,-113
-219,69,96,-16,-166,-82,82,-101,93,-18
-21,-140,-36,-62,116,-162,-34,49,148,-138
-73,-71,73,37,-71,-183,159,89,36,36
10,44,-30,110,2,0,-141,64,43,-20
33,-4,0,-93,107,-28,177,-56,-146,138
-94,186,-193,-115,-7,-157,94,131,-58,-19
-108,62,34,165,28,-23,2,-56,-127,-22
210,42,238,86,125,-35,9,-66,-134,-90
63,98,-27,39,157,122,-75,-33,17,-38
13,22,-76,-188,-27,-101,179,-106,21,-73
-78,-32,171,-5,130,27,138,-72,1,314
63,16,7,179,50,41,-97,31,25,-72
-33,-204,-37,8,14,-219,-87,168,163,-72
-25,30,-110,-64,-53,-207,216,-62,-53,-112
-144,-9,87,-109,-71,167,136,-65,-17,39
21,14,0,34,-64,164,0,-153,38,155
-243,-94,11,-68,88,37,52,86,70,27
-69,112,-231,107,162,-159,-13,-86,169,58
-189,-132,-62,-111,-27,-52,120,-28,27,-11
-148,905,-61,122,-33,-52,-66,0,-40,124
-60,11,-8,-13,137,17,50,-115,-87,45
-159,95,1,96,125,-56,121,71,-106,183
116,57,16,188,-9,-50,91,46,63,89
-56,7,-214,28,-105,3,64,3,37,-121
-66,-900,-295,-200,-9,-105,-47,-24,83,129
117,18,-37,-1,60,24,122,-36,95,-2
-5,-45,-58,-5,-101,-17,94,83,-100,43
-34,-85,-40,-58,158,-45,-221,62,14,138
-8,163,164,41,-36,159,84,-52,25,87
-151,17,11,-137,154,-69,-96,181,53,107
-88,91,55,-70,-178,-116,-25,143,-111,-89
18,142,-208,27,-37,16,-40,69,-79,37
101,90,-113,35,-113,-52,2,37,-120,1
30,14,-70,-79,49,-60,132,98,71,68
-47,37,-215,-175,34,48,36,-131,103,-86
83,-16,-29,-72,-42,-10,11,-62,-16,-92
-1,-18,-1,82,-109,179,101,-92,-11,-19
51,-38,34,125,-7,-39,-158,101,116,170
106,205,-16,-73,-169,-60,67,-7,56,32
163,-115,-19,91,-10,-29,52,-48,-282,3
-30,230,-83,-75,-92,-68,-91,52,33,-199
36,-33,22,-142,109,72,-88,61,157,-257
-79,-61,-73,-3,113,-51,-18,-44,-109,6
73,0,0,-86,-154,39,13,26,177,32
-178,-900,180,-49,-42,116,-5,49,132,-51
-118,77,57,-232,27,-34,47,86,-2,-15
49,-8,-70,-129,87,-120,92,-66,87,86
64,116,-39,-29,164,-25,61,13,125,-19
60,905,-22,84,15,-118,17,22,-39,-14
58,-10,-203,100,33,28,156,-50,138,-85
-60,-200,51,-18,-94,-193,-14,42,76,18
-62,58,-75,125,139,-18,-148,-93,-80,164
-28,46,-90,68,99,79,30,-51,-143,-27
-32,31,16,87,152,107,124,65,-86,122
0,-900,262,-46,-174,102,-4,37,-63,-168
-59,-900,115,91,28,93,-43,-172,23,233
24,56,-55,-54,82,-130,80,185,-18,-178
69,-14,-46,135,-3,17,-30,-48,-30,104
-9,69,225,-155,-59,-27,-15,113,-61,23
-107,89,33,-55,21,0,-44,-110,43,-60
-90,-8,67,-59,-101,-1,142,40,-27,135
103,-1,-96,-117,33,-16,-16,-68,-14,56
-134,4,43,19,-63,-24,-50,-78,-65,183
72,-8,-48,-56,-33,53,-13,-170,-49,100
-225,53,-135,61,-93,82,51,80,112,37
133,18,34,-51,130,-91,-82,36,41,9
-30,26,-101,78,62,-32,8,-128,-26,-12
-84,-42,3,-66,127,-1,62,326,45,83
125,45,-266,-27,-71,-287,-120,19,101,-78
-120,-132,94,-28,-90,320,-112,7,-126,40
43,5,70,22,-31,38,-120,-218,122,-3
-91,-33,21,-22,78,37,129,-113,-164,-122
-5,-67,107,-19,-80,90,90,36,-79,126
84,-53,-186,-47,-123,48,-59,7,-139,-155
-21,-252,207,18,69,-80,-176,95,142,74
-27,-110,-76,-130,-9,-79,-82,3,163,-53
-184,30,64,22,5,102,-38,-41,50,58
-2,-158,19,17,-78,-134,-56,-30,305,56
-16,75,53,13,227,53,0,-90,-29,44
-50,102,-49,-264,58,-45,106,34,108,120
-7,8,37,43,-15,37,26,-43,144,-51
122,32,10,-175,-78,-67,-13,-153,5,98
-108,76,120,156,-70,0,-62,-105,-110,73
152,22,51,-29,-167,81,48,144,-69,6
82,108,63,82,-35,4,101,-19,95,18
95,-48,-18,-28,-46,-117,7,-115,3,-53
51,37,-11,-58,-211,-203,45,26,-190,18
63,-277,14,-79,-30,50,250,-7,108,185
27,60,81,-218,134,-229,17,-137,-165,12
-289,-21,-35,-2,-46,11,142,-28,-31,-61
72,26,-9,-120,73,-40,-4,116,276,15
-30,905,0,45,54,101,77,30,289,24
-117,39,67,123,-97,-52,65,-6,95,-206
-105,129,-39,360,-80,-74,-63,-210,-123,15
-101,2,-110,-103,-6,19,56,-8,-122,-85
-3,14,94,0,-87,-42,78,-119,161,-16
-168,22,-9,329,-72,-32,-98,85,-226,72
-9,-39,24,-93,-230,169,233,-83,-27,-61
78,-29,158,-62,-84,-36,157,45,-104,193
-97,905,36,-93,152,-115,-53,106,-49,-92
-66,96,-23,-166,-165,26,-26,47,-92,-11
33,-113,89,-39,23,77,-16,56,102,-60
57,-164,213,-57,-36,-30,101,12,76,-1
114,-163,85,12,146,4,5,24,-6,128
-16,78,99,-6,-102,-90,16,17,-215,58
32,-107,4,109,-34,-19,-37,67,15,87
344,191,72,0,50,-297,-45,68,-188,10
-180,-900,81,-29,-112,-119,-8,113,215,-8
146,-105,-92,-75,-87,193,144,-52,96,-107
-50,59,142,-31,-148,9,41,35,48,67
37,32,-2,-39,-20,97,76,-59,41,43
-2,-36,83,-72,-85,37,225,-106,-3,39
295,-187,14,-67,-109,-246,125,2,-93,-81
157,905,70,187,-270,-44,26,-150,81,21
-35,-20,-172,68,-62,8,129,-153,4,1
11,41,-5,-251,18,24,166,53,-27,69
-19,-15,161,89,101,-142,63,-152,-26,94
73,60,36,-41,17,-21,56,174,-92,-75
-154,-57,-93,17,-136,162,-13,-151,249,-13
64,-123,-125,53,43,-126,-119,190,-40,-194
-114,-900,48,40,105,38,-206,-187,80,46
-144,-2,76,10,-123,-117,113,24,-114,-6
143,-122,30,-46,27,31,152,-175,-19,108
-75,150,-171,12,-229,-88,42,17,7,0
-80,-74,-70,-26,-80,76,-70,-1,45,-173
-98,-12,21,105,123,-194,-40,-214,21,-33
197,-70,33,133,-81,-171,146,106,-64,-94
53,187,-108,-151,-116,9,-230,94,-55,23
27,204,168,-72,102,-33,23,123,13,-30
47,52,-92,34,94,155,-33,77,80,105
169,-43,104,-46,-103,-70,59,-5,-51,-25
-26,-82,67,172,51,-102,-22,-33,-67,158
-19,47,132,3,66,14,-11,181,55,-1
3,-53,90,21,-130,-220,159,25,-15,-105
141,64,-8,-24,17,-50,-19,118,36,101
-133,20,-136,173,71,-52,35,72,108,42
-78,-127,44,15,42,-54,98,-59,66,-84
-133,-80,-136,-91,102,-92,-151,169,63,-20
-119,905,107,-54,-153,76,88,40,-8,-55
127,124,-17,32,76,-82,192,-13,-68,260
-59,-75,-85,-155,-162,-28,75,-55,37,130
70,-900,23,66,20,-66,-142,20,37,24
-198,-76,-48,40,20,-78,44,140,9,-40
96,157,-84,-110,-92,-147,54,256,91,-7
-114,-53,188,102,11,-27,102,120,27,293
-139,89,-17,-116,9,-70,-7,28,77,30
-54,59,0,90,181,-40,65,-77,-119,-254
-15,61,-26,143,69,171,-197,79,-6,82
24,-150,13,185,-149,243,197,40,26,98
8,-900,-115,-42,84,-34,195,-73,-19,3
-156,-31,-111,-35,-94,-138,185,59,4,-163
-101,79,-57,-62,-25,-25,47,31,-41,-81
-110,-138,215,-178,85,-99,9,-156,88,26
123,-900,-10,54,-110,70,-30,-130,89,123
12,-121,-117,-27,106,63,-295,50,-211,26
21,164,186,-42,-28,-57,-4,-15,-25,-78
-20,-110,57,2,-55,-79,-11,0,53,26
-95,153,76,47,-15,28,13,-41,4,3
-106,-5,-59,-32,-65,-56,-1,-76,50,-239
53,111,-19,80,57,-99,-107,71,91,54
79,-54,47,-231,211,4,-191,-14,-46,197
122,-124,61,-32,47,-2,-7,63,-52,-123
35,25,59,44,35,-37,59,146,27,41
-15,-79,-91,94,-100,93,-34,118,-20,-43
65,2,74,41,-41,46,1,-33,-72,122
-162,905,-39,157,37,-44,-209,-171,-68,90
30,-8,-21,83,48,76,81,-38,-241,-77
-10,-81,31,-19,-94,-91,99,5,-15,38
-183,-217,97,-165,-9,179,98,-173,-162,29
-23,-10,49,22,68,52,71,-154,-208,59
-77,-52,52,126,-47,42,-25,-47,-135,33
195,6,-29,5,-226,-43,177,115,43,30
244,-10,80,6,-107,-129,118,31,-70,48
65,54,23,-43,78,127,11,-143,14,-110
83,233,-50,73,21,178,8,-52,6,86
-15,101,35,44,29,-32,-106,114,-56,-108
-123,-106,255,-4,23,-74,-59,103,52,7
-54,133,-105,-89,-169,-157,-23,63,-133,-153
-140,52,-47,23,-64,-97,10,112,-2,-7
-81,170,-110,156,48,-240,-60,-110,50,-113
-26,22,-145,-10,40,-65,75,40,-44,-59
-7,-3,-140,134,176,-177,-23,70,15,-132
31,85,-103,-118,47,24,-122,-10,-121,-70
165,73,103,136,-8,-22,-31,15,-110,-62
-34,21,24,-81,-179,33,67,78,-33,-196
-66,124,69,115,79,-163,-115,-61,-243,52
-197,19,-94,139,-35,-66,-177,-46,-109,41
244,-900,-123,-176,-157,267,178,-92,42,72
78,-6,115,-158,-6,-197,-15,-130,38,149
-227,-59,-2,7,-96,61,13,49,-79,-69
174,-260,-83,198,36,24,-66,-42,-60,-13
-178,-62,27,-74,230,-109,84,12,51,-10
-122,-84,-85,3,108,-33,-90,42,74,-19
-118,-93,-21,-60,44,21,30,17,-18,-185
64,259,-93,-52,-29,-102,211,-57,-140,-114
-154,141,41,162,32,87,122,107,-37,-22
68,-49,-133,26,-160,37,-89,163,67,-76
100,49,-74,219,-58,19,30,-24,295,-93
-167,40,18,74,-260,-181,190,-9,23,84
-23,-23,-75,47,-28,-45,-87,121,-103,-3
189,70,27,-37,-31,19,101,59,108,104
44,1,52,-17,117,-94,-43,31,-94,111
120,-900,-74,25,-115,-103,-117,-129,115,112
241,-69,-129,41,69,-25,-109,-92,-126,-33
-124,-180,90,-81,-126,-72,-20,-51,-9,-127
-112,-900,146,-15,196,6,11,-74,0,84
127,-48,31,-40,-32,101,-59,25,151,118
47,-13,-123,-122,227,-1,-110,33,127,-30
23,-24,18,-230,-160,44,30,-47,-1,117
151,-12,-134,-57,151,-126,82,-111,-140,135
-73,-77,227,-102,98,-68,21,82,-113,63
-80,-45,9,92,92,91,43,84,4,-117
-144,91,150,-201,-77,16,23,23,5,-53
-41,29,53,99,31,74,60,-143,-204,65
-8,-166,36,-42,-154,-2,102,-12,27,136
3,196,-20,27,116,2,-115,102,-2,-68
-9,-70,-13,210,122,86,-35,4,-49,16
-22,-217,-22,-97,-67,10,36,-38,26,21
8,26,-69,118,10,-21,26,45,116,167
-100,905,-156,19,62,78,-136,-1,-88,60
-42,-58,47,55,-74,3,48,-78,26,-196
108,93,40,54,96,12,60,-110,123,166
-9,-8,146,20,-174,-40,-8,122,18,18
149,41,87,124,98,-63,-224,24,121,71
-23,-85,-80,-104,119,11,-17,-53,0,-233
19,95,121,-39,-86,-10,171,-63,-38,89
76,-11,82,-125,57,-13,63,10,-82,204
-19,168,20,80,-71,136,12,29,-211,16
-81,-170,-23,54,50,-35,-6,-57,3,212
84,86,6,13,112,-61,-26,-50,0,42
-75,59,-110,-18,2,-61,-147,-11,-12,-165
-121,-68,10,-98,63,-184,-75,-72,49,36
13,33,68,157,74,-62,-113,46,34,-4
-27,-84,85,-77,-185,57,98,-6,-62,102
51,-38,34,87,0,36,-1,28,-37,38
92,31,76,19,-1,-3,-126,6,-52,-15
65,-80,47,22,-84,65,-22,0,-94,43
-177,-33,-98,-85,-68,48,-182,96,-48,-170
-63,-74,179,82,-132,-71,17,-11,32,-117
-56,-66,3,-71,-107,-34,197,127,-20,97
23,-15,-80,83,124,6,-43,-49,-144,99
-52,-33,67,-110,-72,-219,47,80,105,-2
109,-6,-94,-161,113,107,-63,0,-122,-106
-3,53,-22,-9,-82,-162,-30,19,96,-17
46,-9,50,241,16,-22,162,48,5,-161
83,8,-169,-166,73,59,-39,-121,17,-1
48,198,41,19,-37,160,119,10,46,-12
124,32,-47,-70,177,46,67,12,-33,-187
63,-900,-116,128,-240,-72,144,65,-97,105
19,3,126,227,-15,26,111,-74,63,-84
-99,-323,108,179,-35,30,10,14,37,-24
22,16,-6,-37,-6,-116,-117,69,51,-8
-187,124,32,3,-146,-112,-52,-66,180,-73
27,-175,14,69,168,44,-104,92,7,-181
215,98,-11,30,-87,23,-31,-62,-127,-25
6,-34,-21,-52,-151,95,-68,149,36,102
6,-900,180,-75,160,61,18,-77,-93,57
-36,49,-58,-97,-50,-21,-66,-76,-49,-7
146,72,26,-8,-78,220,56,94,210,148
-84,93,-41,-177,-11,67,-9,-91,0,126
-106,-67,70,-239,-34,116,-116,15,-40,-170
-13,59,-49,14,117,-140,-3,-27,-73,176
71,-52,81,-195,-180,-31,-72,-3,-36,-144
74,92,22,20,-73,-14,84,5,85,28
-2,105,138,-25,-12,-20,-42,94,-36,2
6,-14,9,59,-54,-8,24,-35,164,-5
-136,157,23,2,-80,-140,-35,20,155,127
-3,-153,141,-119,-149,-70,85,-70,-58,8
-43,-33,152,223,-23,37,18,-141,142,-174
-6,-30,114,-3,88,59,-37,81,-2,-140
-38,138,123,-19,184,92,-14,-45,34,0
-61,132,22,56,-72,49,97,-94,42,44
52,-240,-214,-95,72,132,48,-154,-83,-213
110,-47,-269,229,-125,-53,70,94,-87,44
-87,-8,3,-71,-132,60,-137,42,-93,-83
-88,212,-214,162,134,-119,75,4,52,38
-109,25,16,-60,38,-131,15,166,-100,-197
-39,-33,98,-79,-9,-89,-74,-19,-117,-24
-63,81,19,-59,166,-9,199,92,202,-84
70,91,141,11,-4,151,-198,-46,-40,-157
78,-209,-60,53,50,27,146,-124,149,-49
-167,140,-118,-45,89,-138,18,66,-54,9
63,-101,82,-108,124,11,98,-153,120,-93
-51,98,46,-95,145,-125,136,15,138,231
-51,-43,0,-30,-280,62,176,-15,23,-23
53,-13,119,-26,22,212,-29,176,8,51
157,-166,93,13,55,44,-101,88,-16,23
156,157,18,139,-55,5,-85,-39,34,-93
62,155,-25,-29,-160,68,-102,103,-30,50
-24,-41,-50,-6,-104,40,-4,-93,-124,-108
-83,-4,-50,-87,106,-32,-114,37,96,-14
89,78,108,-53,49,108,-34,21,17,-74
84,-155,11,-56,133,-52,39,40,-108,272
125,27,-47,-40,70,8,220,-165,-89,100
-181,-69,-46,86,-94,77,-78,-87,-52,-19
173,-86,30,-109,119,105,19,-27,35,116
100,-51,-68,89,-27,132,137,-56,-31,48
-25,81,-155,91,-30,-130,65,36,-121,-56
11,-142,-26,78,70,19,29,-10,-26,18
-101,-900,67,29,30,-52,105,90,1,103
26,-44,36,12,-91,47,-30,112,9,150
75,16,12,63,-97,30,-24,38,92,87
26,905,-52,293,-38,147,-49,-43,-19,154
131,60,-79,114,-127,-90,-112,134,-37,-89
188,-17,113,-147,-35,-64,-56,-77,69,36
-136,-157,21,-146,78,45,0,13,3,-14
-136,905,-103,-180,-131,167,100,-141,129,-47
-81,-900,37,-37,100,-24,-124,-110,14,-1
1,-125,-39,-121,41,-12,-190,-60,-19,-4
-134,154,51,-7,-96,144,63,30,-39,165
15,-108,64,-159,162,-26,74,137,18,15
88,905,-6,-144,-15,54,-17,85,129,-57
-8,-61,-75,-14,69,-44,20,59,-118,-73
3,44,4,-95,-154,-110,23,85,56,-16
89,-158,-77,-19,-306,49,-98,74,-94,123
-164,-14,32,-113,23,-2,-127,292,34,145
-105,905,-45,113,-41,47,82,16,76,-76
-189,0,22,80,120,129,147,149,113,-167
-98,-109,58,53,-84,-107,69,-21,-128,-108
151,-203,32,-8,318,65,254,130,46,150
-180,-159,135,-173,-101,154,321,14,161,-205
8,-210,12,161,108,-44,218,30,-58,-94
180,-28,166,174,124,-95,180,-120,82,-41
102,-900,-64,38,-7,11,-15,-138,49,-27
-61,-117,-17,294,-29,175,-68,-20,-11,106
-17,106,65,-33,65,-215,50,12,-71,-61
38,65,0,103,-118,29,-58,-92,3,-141
198,-20,-219,24,36,-30,-38,41,1,-126
85,-10,147,-94,26,-1,-6,112,201,-99
-52,-2,214,-139,130,75,4,46,-106,134
134,21,-37,-82,39,117,-42,-137,-146,-35
15,-215,92,-31,-35,109,-64,-97,-27,72
1,19,-73,20,23,127,-32,-81,-46,94
70,-101,2,13,149,-78,-34,31,-158,30
-30,111,-106,38,-52,-133,-42,13,-149,55
-84,-3,-6,-152,-45,87,11,-191,9,0
111,-1,11,18,-71,-9,-53,-123,-73,92
-19,26,-102,56,176,64,-22,-97,-87,166
-45,-105,46,-139,-22,6,183,15,16,-78
-65,28,65,37,26,84,-100,65,56,101
-17,-8,67,-77,58,-65,-90,-83,-42,73
-96,-43,85,59,61,-35,95,52,-80,-95
10,3,61,32,68,170,-25,0,84,48
25,34,22,-234,-64,157,-120,39,67,46
26,198,67,-78,92,-240,-233,-62,-56,-99
16,98,-146,20,8,-7,-118,-64,85,158
-92,-900,82,247,-58,37,-57,-92,-255,-5
-132,-126,39,-42,26,-28,-52,2,118,43
-152,8,-71,105,78,108,58,57,72,-81
-45,-69,-261,-91,-47,-164,141,79,115,151
-93,14,-60,-26,72,14,-46,0,73,34
175,-24,169,-93,-41,-47,-47,-145,-63,77
77,2,-106,30,-66,20,-6,45,-62,120
-267,-75,66,112,-94,19,-50,-106,-17,56
196,34,39,-71,-94,116,41,-7,-116,-77
-79,7,-45,-70,-42,12,5,45,-123,-25
228,104,-6,-29,-42,-69,-78,83,32,-142
15,138,53,-78,93,-33,-50,141,-6,-231
-3,148,8,-59,-76,-161,25,-10,-127,-14
-18,-900,-95,-81,163,122,69,29,-24,108
123,-180,-34,-9,-171,-267,84,-11,-10,-44
61,-900,-43,168,206,-17,8,96,-13,102
-100,4,-134,-139,-94,-209,24,-5,49,-10
-20,63,-225,-1,28,-41,-42,-50,-3,-6
27,113,44,-117,6,0,20,-3,-228,58
-122,-51,-31,-1,-88,-20,-84,-60,-92,-72
-49,-136,-114,86,35,88,-22,48,65,-160
-60,-61,30,91,-163,10,-162,91,-74,-104
-43,69,85,-67,138,43,168,105,-72,4
-207,-12,-75,82,12,79,94,-7,85,-63
-86,170,6,-32,32,62,253,14,43,102
68,15,62,45,-103,-22,-84,16,-152,349
-145,-30,109,130,107,169,63,-87,45,-1
86,101,106,95,121,45,113,46,-114,155
-95,-208,110,83,-55,71,75,-33,-89,189
53,13,-101,204,120,5,-79,-142,12,71
45,47,63,52,-157,-208,-88,-26,-2,24
38,67,-15,-89,41,79,-45,23,-26,50
-69,-183,77,197,49,-169,-73,-179,-114,-38
-94,-63,-197,121,75,16,-167,5,77,256
-1,61,116,20,89,-120,48,36,-62,3
103,-134,-129,37,69,-9,-45,14,-147,-10
-122,232,167,83,110,99,124,-75,-107,-63
-83,-111,-19,155,-139,83,131,21,-58,8
-33,-54,81,57,130,83,112,150,-1,34
-68,-900,63,-193,0,35,-75,21,43,-120
-33,-95,35,-34,-162,5,-65,-112,-24,99
-59,30,-83,-68,57,18,-98,-101,-63,-5
45,-92,-164,23,-61,9,16,150,-7,-11
-212,-27,-30,60,121,47,54,35,-1,-44
-78,169,-30,86,138,-45,83,-62,-38,-120
-141,-148,0,15,34,241,108,0,-151,-51
-95,-7,-94,-145,107,-87,167,129,-51,-9
156,111,-46,7,2,-67,-115,-63,-132,-11
101,171,-1,0,50,62,33,-194,64,-83
8,95,-122,-9,84,-43,144,93,-134,36
110,-900,-17,38,55,-162,51,-134,-5,-25
-27,99,145,-31,128,0,28,-115,-142,79
-52,77,97,114,-69,20,-23,44,-130,-255
69,74,143,-95,-196,3,156,-210,-88,-243
-89,106,-43,31,62,-1,-3,-79,-38,-127
25,52,33,30,60,-119,124,61,-91,-25
-80,31,-74,-176,-50,-155,24,90,-218,65
-22,-182,22,-9,-96,-124,0,-26,-137,34
63,44,117,-57,-90,-93,-44,-105,-29,19
48,905,-31,-63,79,212,10,42,-121,-153
173,-57,-41,17,-105,-81,-97,155,-91,-62
28,-97,22,157,-101,91,-152,89,10,-173
0,-59,-35,-19,45,-10,-29,-121,18,110
61,-104,-109,-65,104,-61,-45,16,51,-7
103,-83,-41,-62,3,127,44,188,152,-5
93,-71,232,-64,110,18,-84,-65,-101,-269
9,-91,-70,-1,87,-39,117,28,95,-91
37,55,15,-15,77,-132,158,-171,-46,-7
144,-68,-10,-21,-20,-125,192,-60,26,-16
95,-75,-3,-21,-159,-99,-5,-135,93,-27
217,-22,-82,-66,126,-148,-122,-8,76,205
73,-78,82,-20,98,-130,-10,144,-8,-166
-3,-73,47,-1,-79,123,11,-48,-34,-185
154,-168,13,9,-93,-33,28,-13,-6,-373
-60,36,-23,-274,186,150,178,8,-72,-27
165,-900,124,73,-142,-17,14,-205,-133,-91
-30,-88,70,63,153,61,-179,43,168,-60
-134,96,-27,49,65,93,10,91,-242,125
-75,-26,-52,-147,0,150,136,86,216,247
44,-39,-20,0,47,-95,14,-13,103,-10
213,31,-12,44,112,134,13,37,-45,116
-46,-60,116,33,75,-82,43,-55,-41,-22
15,-74,-11,166,0,-75,-148,25,62,-7
-199,184,79,-64,-21,-197,10,-102,-18,37
55,40,164,142,79,-74,222,-99,64,-62
-84,5,17,-127,-1,-88,-35,51,71,140
3,-85,23,-151,-154,-77,118,49,36,-209
-103,-87,45,60,38,32,-48,-157,-86,-49
-61,-126,73,-62,-61,76,82,-252,149,-114
-99,8,16,-76,-72,77,-150,-63,92,31
-68,-4,-102,-158,126,-105,9,-13,-52,-49
105,70,11,-3,-32,15,-92,2,184,43
-75,-11,-217,99,-94,118,-146,126,-66,236
49,14,-170,41,23,41,12,-33,-137,-88
65,-127,4,126,-43,-130,116,-185,147,-65
220,-18,291,5,-26,-70,13,-281,-96,33
97,-52,-24,-11,7,-53,-215,31,-10,64
17,29,156,-84,-4,-129,-68,-91,-29,205
57,-200,-234,-174,85,125,67,-131,135,-63
24,-38,-66,177,9,166,157,162,79,43
128,-22,164,14,35,99,-66,133,-61,-176
-130,26,-26,42,-147,-111,12,0,-47,-14
-15,108,14,64,-16,74,-86,79,111,66
104,1,57,-7,169,-62,-49,192,-24,84
-86,55,37,9,-97,-115,-104,-84,-75,27
-11,-35,-111,-28,-79,21,-13,-21,-172,112
13,-900,78,16,-24,19,59,-32,57,-10
-39,-143,52,-43,90,60,-149,20,89,117
-86,-63,-90,117,24,73,15,-66,31,-15
89,905,-193,-66,-39,-6,61,124,61,-56
75,-72,-34,-259,52,154,150,0,-12,-56
44,45,-118,31,89,-126,-116,88,117,-2
-127,-68,-29,-126,-23,-108,-24,101,-68,-84
-109,905,-72,71,-135,4,41,41,94,-206
-53,-900,-168,-119,132,5,-49,-88,57,-61
95,905,34,35,25,-150,-5,98,177,-122
-65,-24,52,-55,15,-26,-95,41,-1,-60
-22,182,111,118,111,-162,90,100,-78,-7
268,129,-55,67,-90,32,-54,-32,35,29
80,24,170,-30,-4,87,105,-57,-89,84
-66,79,7,-130,30,46,221,-87,-96,58
69,71,112,-60,39,151,40,50,19,44
115,-25,-110,28,-48,-5,76,-113,130,33
18,-38,203,-54,145,-130,117,-85,1,-88
99,94,220,-18,106,-67,156,16,-78,72
-26,-900,-113,-38,85,65,92,59,-111,-159
-96,88,135,5,160,92,171,-191,-80,-211
145,905,37,132,20,-25,-69,97,9,23
21,51,2,-67,135,-121,-91,-200,-106,-86
57,40,-228,20,-15,108,20,55,-307,36
48,14,110,112,-54,-95,45,-27,-78,147
180,-102,43,34,214,53,68,-126,-46,73
16,186,29,97,-94,-35,56,-5,-107,85
-89,73,92,153,-6,-146,14,51,-109,-182
-58,111,-59,-91,126,52,-38,83,33,-13
-35,-63,73,126,95,144,-96,-2,30,60
210,-900,-21,77,8,0,-23,94,-114,-77
-26,-105,13,55,-136,-63,106,41,-6,245
26,0,20,-41,-45,47,-43,58,14,168
27,-22,89,10,6,72,-17,-118,-188,82
-55,99,54,-87,61,67,179,-15,-103,-31
-37,46,-154,-31,112,-2,82,121,13,40
-161,98,-75,45,75,58,286,-40,-29,175
77,-124,-72,23,-15,-22,16,-217,-80,-58
-117,-119,81,132,-121,183,71,-192,-47,25
-4,-40,-152,190,-33,-11,53,53,-76,-223
34,-120,-149,58,-89,-112,-137,-152,-38,52
-38,80,-85,105,190,-24,14,63,95,-73
-53,-84,36,52,65,-19,57,-26,35,97
43,-11,-63,111,-80,-1,53,31,-5,-151
-189,-138,7,-48,80,70,-270,-42,-89,-196
76,147,-75,-197,-52,-17,-82,-37,122,34
-184,-35,-35,69,-73,111,25,29,134,23
-66,68,120,26,-1,-35,-23,-39,-55,-100
-7,49,28,-159,-108,29,-67,58,160,81
-9,905,112,160,142,-113,180,145,22,10
77,-56,-145,58,69,-37,19,48,-2,4
160,-47,106,36,61,142,-48,-149,-20,59
-144,53,153,-71,-156,-70,-143,33,76,-11
83,-131,57,-98,-25,-139,116,57,-17,-26
102,10,-11,-42,82,-31,85,162,-15,-3
-153,-107,132,54,36,-10,124,23,-88,118
-34,139,-80,67,136,32,-72,109,-149,40
40,106,-49,-171,-3,-215,184,-74,-96,10
-23,32,12,101,88,7,-23,190,158,-26
-66,145,120,44,-51,-44,-68,174,-8,217
-16,153,17,-13,-105,58,-23,101,-18,-62
43,-128,31,102,98,-4,87,-43,13,-114
-34,-11,162,62,127,72,-45,87,-29,74
1,60,-126,13,-153,-21,-111,-56,-19,-39
-69,231,-42,-16,-85,-136,-37,-46,67,-24
-58,-32,90,22,111,42,18,-71,11,74
65,111,-27,25,35,54,192,-274,-99,-91
97,105,-4,37,-21,18,-34,56,-174,-56
144,-146,50,-14,155,57,18,-112,9,24
-69,111,-148,-124,148,99,-125,66,-46,2
-99,-158,70,-137,39,-139,-154,-148,145,17
14,132,-55,7,76,15,-47,17,-137,46
33,-6,57,87,58,-128,82,193,-6,2
8,83,-59,-103,105,-87,79,141,69,-6
-111,49,103,50,-43,168,-136,-73,-31,150
0,-11,13,-94,-112,-28,-36,33,66,158
14,146,-60,99,-11,190,-84,17,-36,-139
-35,146,-102,26,29,161,-157,-114,69,-33
-74,56,-102,90,-96,67,64,-67,-94,197
-110,71,21,77,-92,158,84,84,-5,7
153,-2,11,165,-41,49,68,-28,94,12
-137,-215,4,-18,-148,48,-11,-146,-73,100
-3,55,31,-87,77,-41,76,67,-46,-21
32,82,0,71,-44,-19,-88,-89,-147,9
-28,-25,223,82,2,61,-97,-122,-40,-90
151,94,-130,-94,125,22,110,-72,-81,-11
156,-14,6,104,56,-143,138,-11,-16,-61
20,0,124,42,15,-168,95,-43,156,16
-8,1,3,86,-40,14,58,-181,53,24
-165,-900,-21,-83,140,87,128,-173,-1,53
0,32,84,78,-117,-58,-58,-16,47,-148
-98,-900,150,299,7,39,39,36,-17,-78
-60,-126,-183,-43,20,-45,186,28,84,-82
-2,27,-34,20,-90,151,42,74,147,90
34,-99,-13,-199,33,13,120,181,-72,141
-2,114,117,-106,-83,75,-33,120,-178,-79
256,74,46,227,30,-41,65,-5,39,-95
180,36,11,97,-43,8,-43,-181,16,-79
-36,-3,68,-83,-12,-183,8,-35,-98,-21
139,-110,48,-64,-43,-29,-142,-49,36,-52
-4,-184,76,23,-75,-131,6,-3,-241,99
-4,140,70,-10,84,-108,120,83,25,-89
-112,-110,30,115,-5,74,44,-139,188,189
-31,-138,-16,190,213,-76,-54,201,8,58
-84,53,102,-151,62,-133,-40,192,45,32
45,63,67,-132,-7,7,69,-71,73,52
177,53,55,168,42,-62,33,-53,-48,102
61,-23,195,-27,-130,142,112,-63,-17,52
-215,-30,-155,56,74,50,-51,104,-190,88
269,111,81,-151,123,5,34,-83,-29,37
-46,0,-6,-33,-17,-172,-22,122,-159,-46
-110,-266,29,-45,-24,-52,171,0,33,-83
-119,-155,92,-9,-48,-23,33,-36,41,-65
-62,147,-110,115,103,63,-101,79,-57,76
13,-900,54,2,-23,-68,36,26,-97,-32
123,48,-58,-7,-41,101,118,3,-129,-81
-22,-18,-59,-44,-98,93,-21,229,-11,82
4,-14,116,-129,-21,-227,24,-22,54,189
-93,68,55,23,13,-29,-18,14,76,-47
-94,48,80,-82,-103,-78,-62,-49,54,-8
118,34,138,-92,39,-116,94,132,47,-18
-171,-82,-75,-6,-83,-44,45,66,42,242
-43,20,-50,-187,96,28,7,50,-48,-139
57,0,53,63,21,-157,-135,-101,110,-52
54,-172,-128,-66,118,12,56,-108,111,9
9,-11,-8,-43,176,-66,-31,-220,4,-47
-86,167,126,0,206,129,240,72,-81,-103
-107,68,-142,32,17,64,51,-121,-86,88
33,132,-303,15,-34,78,-58,87,-125,-8
39,-30,-114,-59,-77,48,120,-65,197,-4
-6,-57,-33,-92,191,-23,88,-13,210,-44
-9,29,-141,-28,187,24,-152,-7,-37,-74
-115,-32,193,-42,-141,90,60,117,130,42
171,-80,56,204,-118,13,-29,-40,-127,-138
-4,905,182,43,-110,84,18,-141,155,133
0,-9,22,-353,-47,-68,-43,20,-124,-39
204,-900,-31,28,52,-34,-39,84,-160,106
25,147,19,3,-233,13,35,105,-40,-29
49,0,111,-23,-56,-60,67,-174,86,-113
134,-38,155,111,97,-161,-197,-41,-115,133
-31,905,124,80,-107,-51,-129,-143,-91,151
19,-87,15,101,-48,108,-144,96,-14,-193
46,79,60,57,51,107,46,-4,3,11
-89,-54,-134,41,-203,-92,-67,127,117,38
153,-52,-61,-1,-14,121,0,12,17,-64
62,41,28,-99,67,101,-56,76,-31,-36
-19,-32,3,0,68,121,30,-177,-30,194
7,905,-53,65,-112,-127,36,-30,6,-61
132,161,-70,56,-91,-12,-2,-70,40,-14
-66,-302,-129,46,50,26,-64,3,89,21
-114,-41,8,57,-57,19,155,-128,-39,-90
-93,8,28,-148,178,106,102,-4,74,-120
199,87,110,-51,111,2,-157,-71,26,14
58,-248,41,47,25,-2,196,204,-112,-38
160,14,-97,-107,-2,102,-82,56,72,-75
62,66,-113,5,130,87,-18,-248,110,198
-21,81,-60,88,160,112,254,62,72,-36
-6,-7,26,46,49,7,9,212,28,26
-38,-91,-52,-141,0,-106,-422,-45,-135,-29
-33,-89,-110,-33,227,-11,146,30,-60,80
25,-140,114,-18,151,-239,121,7,25,-18
42,6,-7,207,-67,17,-30,180,38,-42
-79,0,230,187,102,-5,28,-13,37,140
-146,146,-107,74,69,-64,-26,185,-1,-104
99,19,94,-151,-85,-58,106,26,143,108
58,100,-33,-61,-104,-137,-116,14,61,33
87,-125,-58,171,-123,-9,-71,53,169,-127
86,905,34,-174,228,31,-15,7,82,11
-48,-55,-34,52,132,-102,17,103,-185,28
35,-33,-61,-54,102,122,-205,30,-112,-122
-81,905,-231,139,-68,-23,31,30,45,-3
-29,93,8,0,9,-102,-51,158,243,-3
-94,210,241,-109,189,-7,54,-20,87,-219
-115,253,-361,10,-144,49,-44,67,275,142
-91,-17,-202,-112,-51,75,33,-30,-152,-5
108,74,109,-31,-147,154,-93,118,-141,3
96,-73,9,-95,85,68,-38,-84,51,-18
93,-163,8,-128,51,21,-23,78,-109,-197
110,-148,-37,-105,112,-68,-92,-170,30,124
-105,-79,-71,-42,-48,-50,-135,58,-56,-247
-62,39,110,-44,144,-135,7,-11,56,-25
-82,-111,15,-16,-5,82,-117,161,-47,141
-91,52,265,64,160,163,83,40,-56,79
114,-40,19,-33,-168,-36,41,-41,78,-105
-43,3,-10,-152,71,-55,-172,-7,136,101
103,41,-5,-76,-59,-108,-5,-2,-132,110
37,-86,53,5,44,-161,-153,114,-206,-94
-125,-51,-136,-177,-73,86,7,139,203,-35
-73,3,-189,-16,-168,-143,-86,0,40,17
-241,-145,-77,-24,187,-63,123,155,-87,40
54,-74,-119,-112,-67,127,18,-105,-122,-58
-28,9,-96,-109,40,30,90,-73,-150,-26
-73,-30,59,-95,-145,-143,86,57,6,23
-93,-65,-53,-116,25,-17,34,26,6,-28
110,-38,-38,-110,217,-72,-26,-351,38,207
-76,-80,101,-49,143,70,103,214,-179,27
124,-56,94,-75,-2,-34,-86,132,-302,-153
54,48,130,143,27,-123,-123,-139,-7,-16
132,60,98,38,-70,-14,178,197,83,3
-148,71,121,-8,-35,45,-158,-71,-24,160
-132,123,-87,-137,-156,-69,63,157,-65,-140
71,-262,234,-84,87,12,82,30,64,128
-9,129,-58,41,-41,-65,113,-123,-237,-81
97,-184,-243,32,96,-75,-241,-74,35,142
85,-129,238,-33,146,-167,65,131,-186,10
68,-900,37,73,125,-57,-74,-71,36,124
20,141,-62,65,43,-106,-19,-98,116,206
21,-123,109,99,4,43,93,-41,-7,15
141,-210,107,293,79,-108,-70,38,-89,-66
-40,136,-85,-162,69,-132,-157,-58,24,-127
37,-88,-135,64,13,69,120,40,-89,-278
-89,-83,-8,12,62,-73,100,-170,104,258
56,140,-70,106,-87,141,132,70,-13,29
26,-139,-163,-60,141,77,-88,30,41,192
-110,5,-105,-72,45,-80,-164,17,-48,-112
-86,-33,-59,-60,-13,-34,65,105,56,-33
-40,-34,-150,-108,22,15,-76,74,80,-20
-54,-125,165,60,229,171,-127,-44,-226,45
-51,20,-5,16,-163,-104,178,-70,1,75
28,-54,-6,75,-90,-75,-122,-86,73,-121
-49,-127,-102,125,139,-26,-33,-80,141,-220
58,-75,-46,38,22,226,43,-137,-64,-66
30,-155,-5,27,-76,-113,14,-163,-94,-1
115,6,29,33,220,88,56,-178,3,-26
237,-49,-75,291,57,-93,58,95,62,-19
5,43,-45,126,151,-160,-22,-3,140,41
-133,-900,56,-216,140,96,-25,-93,60,-67
-45,207,-164,4,81,75,83,-278,-201,-129
-90,905,32,79,2,-68,223,-55,-36,-17
136,-2,-15,-70,57,89,-4,35,-91,-105
146,86,70,1,-84,56,-79,-29,55,47
80,76,98,-49,-64,-4,-135,-30,112,126
122,67,-101,-179,79,45,107,49,-89,-128
-59,16,-87,99,-74,-115,0,-51,10,-129
-16,12,116,-20,-1,-64,17,-33,4,-201
-88,905,-57,151,-125,-62,-128,96,3,176
-2,-79,117,140,-26,-26,20,223,-64,-118
149,905,-94,127,-71,138,-87,-27,141,-51
-76,-33,121,68,1,152,-1,78,-1,268
-17,-183,-4,22,66,158,-123,47,120,-61
46,-118,-156,-13,-76,135,9,-11,-14,-68
56,-90,85,57,-32,80,-248,146,155,32
-84,-83,-88,-59,17,9,-113,76,62,18
-3,-38,102,72,198,0,122,-65,-66,74
174,79,-56,46,-248,-98,-87,-83,90,61
-103,-900,77,-12,104,-110,111,-65,6,-57
-3,-167,-32,-179,-26,-31,-2,-72,-10,-48
-64,-37,-129,1,109,119,73,44,12,123
-101,-43,77,69,101,-43,-51,-39,-24,197
77,-106,120,96,152,-56,-215,135,-36,-1
-62,24,18,-44,111,124,4,92,-77,11
155,102,-36,171,-184,179,59,40,-5,-80
9,-13,27,-22,-8,-31,-122,-87,-221,-125
-148,49,-56,-140,-151,153,96,18,96,19
-148,100,-66,-86,-129,-38,11,-88,-52,-24
56,-129,-8,-122,-102,138,-199,85,54,-35
123,51,15,-14,148,-117,55,-68,-60,157
-170,27,13,108,-78,-79,-32,-129,85,103
37,100,-15,81,145,-182,-121,39,-93,80
73,-1,-115,-50,70,-146,85,23,203,-48
-28,81,80,-31,107,76,-139,80,-173,-73
107,-900,-109,165,-84,-11,-44,46,-148,18
3,102,-31,-177,-22,83,18,-24,113,141
-50,-900,-2,192,126,105,-28,-109,30,166
49,55,-72,60,216,32,22,-164,19,-45
61,151,79,-105,128,93,21,4,144,17
56,905,9,-16,-65,-186,130,-78,-147,48
-13,51,-31,-99,128,-19,-28,-2,-14,-19
103,-150,119,33,-25,44,-105,77,75,103
45,-56,-100,199,68,-48,68,13,-103,-133
123,-38,-40,8,23,27,-74,185,-140,-181
11,40,-47,-32,135,16,45,-30,16,-65
-87,-27,69,-150,-2,69,98,27,-94,-94
-31,2,-8,-41,-56,-15,85,-91,-11,-212
57,211,20,-6,-12,162,167,78,-159,176
-92,53,-24,-21,144,52,75,1,2,102
-9,73,56,-36,20,-160,98,-67,-69,-70
-28,-11,-115,22,-80,-32,86,2,-19,88
-37,37,34,-5,-107,-70,91,162,175,-48
117,-37,-70,-54,-42,-73,11,19,-71,34
-20,-31,-35,80,-42,-75,-38,-20,-11,37
-87,25,-146,160,-71,99,-84,49,-86,-173
139,-85,79,-115,83,29,-222,-206,71,-38
-94,61,180,20,-66,-75,8,170,79,-85
45,-99,-104,-77,-46,-53,72,118,95,-168
-24,-96,143,-58,-34,21,-23,-166,-148,-29
142,25,82,-8,26,-92,84,21,-204,-7
63,-88,-140,-113,-55,-122,67,121,-28,6
31,-81,-140,-69,-247,-137,36,84,-4,135
26,36,183,-24,209,19,-68,54,55,-128
30,5,-5,-74,126,80,-5,-64,-3,-98
-45,905,32,-114,5,-184,62,-229,124,-52
206,-32,-5,-42,-137,-8,83,137,-77,66
17,145,64,-45,-73,-62,28,-51,-82,29
-13,119,58,109,-56,-22,163,7,3,202
-27,-12,-226,7,36,-82,-50,-57,-1,0
116,-56,26,28,-103,62,125,-61,164,-165
42,-11,91,59,93,-93,8,5,-117,21
18,54,-5,-106,-55,-104,91,-130,-134,-105
78,28,158,110,-73,-163,221,-125,62,127
-37,-65,148,174,73,-106,22,-125,-51,-88
-4,-22,-52,0,166,-114,48,132,107,-85
12,81,-37,-94,-139,-1,-67,-143,19,-94
-25,142,165,27,158,66,-43,-321,-52,130
-44,98,-133,72,1,-171,-13,150,-44,114
76,-92,196,-66,-128,-39,-215,-48,54,143
-35,213,-150,-127,-45,30,-174,97,36,-202
-15,-146,-201,387,-5,-89,120,-99,-62,-60
-149,49,-319,-81,50,-35,100,88,-1,101
-74,108,-37,73,-71,-83,140,-166,111,7
-195,76,100,107,204,68,5,-198,47,-97
-4,49,163,-170,-80,-123,109,112,92,9
6,121,30,106,18,-102,-135,-70,78,52
-45,-33,-28,-107,-36,201,-44,29,-84,-73
-113,49,55,20,159,-39,108,99,50,-140
15,30,4,-89,86,163,-80,-27,26,54
52,-25,48,-64,7,18,72,121,-41,-117
58,48,63,73,74,65,-79,-144,54,-17
184,56,-50,71,103,87,-24,328,-32,-94
11,-112,23,19,-49,124,28,9,-157,162
27,60,38,-97,-182,-72,41,47,-16,-20
-78,-65,12,-50,80,-126,-52,-29,-62,71
-166,905,-23,21,120,-83,152,98,151,-113
5,20,-36,32,237,-59,107,27,26,-152
-6,-39,67,-209,94,36,3,22,-142,-62
20,12,-54,137,-180,211,-63,90,-53,61
-158,18,102,-17,-64,-239,-10,20,-89,60
-75,76,-34,-30,-99,47,89,-143,32,-145
-56,-900,293,-143,14,53,-25,153,111,15
-109,905,9,-65,44,-176,87,153,-263,-47
5,-63,-189,21,-64,-162,183,126,-66,-69
96,905,71,122,176,-55,-38,-117,-52,-35
-32,121,64,29,-16,-148,-159,-211,-106,175
-50,-24,39,78,-256,-40,-159,-64,80,27
-48,-900,14,-39,-151,63,13,120,-51,19
-71,-26,-51,34,-43,110,1,-135,2,-121
-212,-88,-140,-47,-71,41,12,-18,-6,-134
62,162,-92,-236,65,-36,-80,59,130,-150
13,7,-191,-138,46,-79,-139,-8,148,-21
74,-75,60,96,149,-43,72,-5,57,-48
63,-130,-62,-162,-108,69,29,0,-48,-12
-17,-42,-124,-92,-123,-61,85,53,-113,34
-169,116,5,-75,183,-88,-6,6,-12,-54
-115,-74,-191,9,104,59,-178,-26,-19,59
158,91,25,40,3,-48,24,183,123,-30
-11,101,190,109,-169,-84,277,150,175,-60
177,-80,13,0,90,236,136,190,-39,126
-33,125,76,-43,-68,117,-90,136,70,-11
-73,-37,84,-26,-60,46,44,-198,85,-49
89,51,-17,120,34,-49,95,145,-290,54
130,-8,-25,-19,-70,-43,14,-170,-26,18
-31,75,0,80,46,79,-44,-126,111,-24
-64,122,74,19,160,-101,240,163,-41,-45
-52,-84,-8,82,-98,-29,101,44,44,-51
6,-900,-201,76,-79,10,176,-32,-148,-137
14,-99,77,-157,39,79,-77,-129,31,-171
-30,-64,-21,15,-112,103,-77,-184,-164,226
61,105,31,88,154,-114,-50,15,76,-62
-173,-133,-117,-208,-133,-43,-201,-96,22,-130
152,-104,-11,-58,55,3,-56,-62,16,29
57,52,83,178,-248,-4,-182,0,-62,-95
254,-54,-145,44,141,7,-55,-249,56,26
-75,-35,-155,6,68,11,305,95,-59,-35
84,-169,-64,116,165,-74,20,-50,-12,138
-48,-900,75,-68,-81,-92,-48,-26,150,-8
-85,-193,-67,5,50,-104,136,83,0,262
-136,129,19,-94,-135,41,-115,-116,13,143
2,-11,98,-143,-33,-49,61,152,58,28
-120,-6,-28,60,-13,34,-81,53,100,-4
-169,247,50,13,117,204,-95,54,-48,-50
37,60,73,166,-36,-97,47,-70,49,-78
123,151,36,-24,22,-141,-207,-25,-160,-65
-46,-106,-30,34,72,-88,-198,-83,164,33
-12,103,-83,99,62,-105,-37,-151,-74,-12
53,8,-303,111,1,68,24,-60,121,20
-157,-166,89,-136,-184,9,122,1,-77,-113
-45,25,8,47,50,9,-107,-74,14,-29
32,17,62,-37,-84,159,99,38,45,-51
107,77,43,111,83,-20,-34,-15,91,18
35,-34,78,-68,3,-17,-11,-49,101,-11
24,21,-4,-154,35,-66,-222,33,62,13
28,80,-27,-108,-81,-133,306,-34,44,21
39,208,253,-40,169,-183,-59,-72,-84,-110
-24,905,115,144,-130,-239,-181,-263,-99,33
155,-101,180,-44,0,-177,-73,101,25,279
160,142,40,-108,131,100,25,-92,121,-66
37,-106,33,-50,-42,4,131,-6,-25,-62
-139,55,-103,-136,7,-22,-27,67,79,88
23,-50,-80,-22,61,-166,15,-95,67,-19
-96,-23,1,208,-166,12,15,-96,72,127
142,119,-41,92,176,-15,-72,0,0,115
8,-153,-29,55,39,97,-44,-217,127,31
-106,-31,101,58,108,-50,-47,-66,-21,84
-31,26,196,-30,-31,7,-43,62,-221,-9
91,-12,76,-17,-64,179,44,-50,-196,-55
25,48,-142,-42,23,13,-15,-27,127,-132
-42,21,10,-48,-195,-28,-135,130,-18,8
-83,-53,113,-54,46,24,63,-143,14,-133
-2,37,27,-139,-52,-33,42,48,-34,-100
81,-900,-132,80,86,-28,-7,59,-177,49
-148,-900,223,-151,-9,-153,-68,-39,18,24
-174,-48,51,-2,136,20,3,-81,-58,28
48,57,-90,46,220,90,-130,36,-8,-51
-100,905,81,11,-91,-10,-94,8,85,-92
49,-20,-137,-40,-185,-158,-89,-219,-199,43
67,108,24,59,24,-153,96,-151,16,241
21,-89,-167,92,-95,93,3,3,47,30
64,145,-179,-192,-107,-84,-87,-16,56,60
-4,-210,-65,42,-65,69,-33,-45,1,6
93,905,-34,-148,156,4,-159,67,-129,-105
13,-65,-123,-89,10,-19,-88,-23,23,-96
69,905,-298,-19,-107,-10,124,48,-225,-125
101,109,-99,-12,-50,38,55,15,77,230
150,-184,-44,-90,112,-112,97,-134,-136,-91
-48,134,-146,-129,99,-257,90,159,25,66
-150,66,204,178,39,54,9,155,32,-14
-168,905,-159,110,-60,177,-51,270,-81,6
91,112,-23,-40,-45,-33,-96,33,35,-11
-60,-9,-21,-162,-110,-36,-29,69,-8,-71
209,-7,-5,-77,-10,-180,-66,-145,1,40
122,22,-110,64,147,-88,-82,72,79,117
-26,-119,87,-4,-55,72,40,116,-8,65
-51,-50,-36,84,-25,59,-177,2,-22,-211
90,116,-13,22,93,83,154,95,-35,178
129,9,61,-14,-37,-246,-43,95,-146,57
124,-66,-28,78,214,-103,254,225,126,31
155,-6,122,-7,-12,20,-252,12,168,4
-51,11,-31,81,-189,-102,52,-13,-91,-68
9,-39,54,15,-74,-183,-2,-26,37,47
11,-21,15,-103,-13,42,-57,-14,158,-7
108,-71,-25,13,-4,207,-77,-76,192,-53
-22,-21,-33,109,-112,-110,-5,-124,-21,-116
-46,4,-68,-72,-138,80,78,193,-68,-30
-35,22,-120,20,96,36,-6,-16,71,25
-68,95,19,63,-19,96,-46,65,41,-108
127,45,-106,35,88,-59,214,74,-96,-42
-123,102,21,264,19,-51,-105,25,-17,-66
50,-65,15,-67,-132,-22,18,83,80,-81
116,66,110,74,-108,-69,-15,-72,-253,214
-152,-202,138,-71,-98,-250,-11,-59,-214,-66
-61,-107,128,26,75,52,51,97,-42,166
-214,21,22,114,-46,184,23,24,-110,27
22,-27,118,60,-37,-69,136,66,114,-115
65,3,-14,-143,4,135,-178,22,143,2
126,7,-49,-42,-168,-134,-69,16,7,51
-28,-67,76,-16,-119,-11,77,227,49,-18
72,159,68,82,-41,39,170,-36,150,-199
35,3,29,146,14,-15,88,21,-31,20
49,-69,-50,-78,86,46,294,-82,20,-85
156,-38,-62,29,-90,-56,-86,-105,-57,-47
186,7,28,61,-63,46,61,84,165,-140
-104,145,160,17,-39,218,64,15,-7,-192
92,-96,299,137,-38,-151,91,68,65,61
-33,-3,32,-198,124,-160,60,-50,-62,1
41,-61,-22,-87,-97,245,-180,-105,36,32
-78,42,48,8,24,39,-12,80,-10,49
-23,81,134,-47,109,168,85,-57,27,70
51,59,18,-31,8,57,-40,-15,-103,3
38,31,-18,-102,-52,-111,-4,-75,-30,-29
101,42,-74,-86,73,106,37,-44,95,-62
-111,-32,-131,-88,19,-47,46,16,-2,57
-19,125,-50,-19,40,-143,-1,-164,131,45
86,0,42,-118,113,-177,44,116,-28,-73
78,-24,-119,-71,-69,-49,6,0,136,16
-6,-900,15,91,6,90,-150,115,79,-106
-75,16,-116,13,18,-34,108,266,81,141
113,-61,35,130,164,-153,-203,62,37,51
127,40,64,-100,-156,-113,-95,-169,2,-25
-165,234,2,-51,120,52,168,-75,-123,-22
100,-4,-58,-196,117,85,38,-83,-40,14
48,50,109,-61,-155,-75,-38,88,29,-36
-39,905,-84,-1,-86,20,-79,17,-97,90
64,47,-143,-55,43,56,45,77,-73,45
-182,-900,-27,16,-202,46,-81,17,-61,139
-101,153,34,15,-143,-37,42,-106,-6,268
-79,905,-76,52,0,8,-32,206,-149,160
10,240,-40,-28,-62,-121,24,6,-67,-13
12,-125,21,86,27,66,47,-34,-40,162
3,-14,-52,-4,63,-61,-48,53,15,-112
-219,-21,-41,-96,7,176,93,12,62,22
106,-82,-32,-33,184,-23,-157,-82,-129,-204
-1,-67,-136,-122,193,-5,-37,56,113,204
114,188,-158,-146,-98,-34,-1,-41,72,-223
-84,-178,-39,41,40,-22,47,-142,18,-85
4,68,-73,-13,-70,186,-28,-89,-4,32
312,-32,98,44,24,-77,234,6,40,21
98,905,147,-60,-15,15,140,13,-55,1
35,67,50,-100,110,-107,-59,-47,172,-90
-191,905,-139,-308,-102,60,21,0,-37,-6
-59,-118,8,-41,28,-37,-95,-37,162,68
-144,47,-70,-103,-25,111,27,120,-3,-133
-87,30,49,11,-19,-106,2,-312,-67,-72
-43,-13,-43,84,32,6,3,-200,-1,36
132,-4,-206,-43,121,-52,-84,-169,-140,-21
-159,136,-62,-64,13,248,106,23,-142,-46
237,185,151,12,-32,-17,-115,223,-160,-118
137,78,53,23,-8,-4,25,51,-13,-139
114,-9,77,33,-61,29,9,56,127,50
143,-37,76,-9,-1,2,-10,20,38,-169
36,24,14,-46,29,-31,57,32,-27,-121
67,905,-35,-59,-119,36,-17,-61,170,55
95,145,-35,58,0,7,5,-71,-217,-74
139,73,88,170,240,-14,90,-35,-45,-66
-4,-135,15,51,-43,160,-35,85,-32,-103
-14,94,59,-107,30,-141,102,13,-68,46
33,105,97,35,115,-90,-77,17,-44,-94
58,54,-89,117,-11,-15,-83,1,-110,6
-39,65,-119,-71,84,-234,-173,-72,33,-52
35,25,102,-99,0,147,-66,-44,-126,50
-27,90,146,46,7,120,61,161,-52,49
79,-29,-61,32,79,-235,-9,-43,-96,78
23,-52,52,107,-61,-53,149,-63,186,109
-142,204,140,5,-212,133,-19,-99,-40,52
24,-118,215,-139,110,78,-33,2,77,34
17,-56,222,0,87,-31,6,3,-123,65
-144,-52,127,80,-124,-18,53,40,15,-109
-71,20,-30,128,-3,97,-73,129,50,154
-84,5,100,-49,-99,55,104,93,47,249
0,-65,-32,74,24,26,-27,-46,-16,-27
-31,-34,-44,-164,-82,-64,-79,-13,-40,77
-81,64,-11,-126,-115,-158,73,-81,-25,-4
-143,100,37,-76,1,141,58,-4,-225,180
1,60,-194,-50,222,-10,143,87,-40,-10
-163,-41,177,59,52,-4,-35,-14,-76,-10
-120,4,28,-86,37,-78,33,0,-97,-83
48,2,1,-223,-161,81,-65,85,16,-111
-72,-71,14,-14,94,76,-18,67,-58,11
-21,-30,-195,-151,138,-144,-131,-59,29,132
113,-24,-14,98,-65,-1,81,67,40,-5
36,51,-7,-64,178,118,167,81,0,-26
-37,164,169,2,-87,-96,-7,-178,69,-92
80,68,-59,4,44,-43,32,-176,-208,-70
32,-48,66,-31,-43,88,188,14,-120,56
166,-900,63,-58,-110,-15,156,27,-105,-93
-46,25,49,117,-78,-70,-87,5,-56,-21
-122,49,37,-55,64,55,-69,71,26,61
-57,-67,-86,3,35,-186,18,54,42,93
-70,-18,31,-29,-68,85,27,129,54,-17
158,55,18,-158,71,-33,-22,-180,-45,-57
-14,-52,156,163,294,-8,-22,117,30,210
-26,204,-64,46,-17,45,78,-46,-158,-3
-230,-900,103,-17,106,-11,126,-92,89,61
29,-107,-66,-29,-215,41,185,-58,-12,-113
12,-64,-17,-47,102,87,-42,47,-33,-23
93,-12,-93,-8,-57,-64,14,6,-121,-9
-60,100,-17,-41,1,-36,64,127,70,-109
-35,-211,184,-77,23,20,51,28,-207,21
-2,-19,-7,124,30,117,128,-10,-2,-56
33,19,-48,-84,-100,-116,32,50,67,84
74,124,117,78,165,-80,-104,75,-47,-41
-56,90,60,-59,8,-19,79,122,23,57
-74,-900,-184,67,-125,67,257,73,6,-102
210,109,-109,-124,111,145,-18,-67,59,138
32,76,-166,201,-127,14,-45,-121,-106,-227
-104,-900,79,74,51,17,-200,5,-57,-3
26,114,-96,175,-72,-197,99,154,80,-9
-37,115,23,68,37,35,188,-23,-67,-7
-58,-72,-18,134,-113,287,-151,52,-31,2
-97,-373,-93,-39,-61,-114,20,-16,124,129
-32,1,159,67,-24,-106,13,11,-87,29
7,74,22,-16,-272,-28,101,69,110,85
-52,-900,-93,80,13,-115,-12,-161,35,28
103,-131,-60,71,91,94,116,-273,54,117
131,-8,-61,-74,-10,-70,57,-51,9,26
83,-122,-23,-21,67,15,-95,-80,33,56
-24,-84,88,-9,-4,-76,-45,4,-113,145
81,-135,-113,-68,-76,-148,66,-11,-73,-78
-151,-166,-188,93,-58,167,26,-80,180,-166
99,-97,80,-119,11,-6,186,17,75,157
-35,-20,-22,179,-106,33,7,55,177,-69
158,-900,18,-74,75,-17,87,43,-58,24
-86,-105,-74,-31,-123,-2,78,266,-6,-108
-97,98,-79,134,-160,83,-28,11,-29,40
-129,83,90,55,6,47,-1,-46,176,85
-86,905,2,-234,-71,-58,-81,28,-29,39
78,54,90,33,29,-192,23,-9,42,58
-17,-148,-39,-20,-1,44,-40,-63,-42,-77
15,-27,-72,119,-75,-8,104,-41,-5,-246
178,-11,96,-52,-29,66,-74,31,-74,-49
194,115,-115,-18,-33,-100,-75,58,-274,-35
233,43,96,201,-211,57,-10,163,-91,43
-50,-61,98,48,16,22,-82,33,139,-67
93,-82,119,-141,-21,-159,-148,-88,-47,-24
142,905,-198,135,-81,34,33,-93,54,186
20,-900,-26,10,145,-97,-52,-41,-38,-40
80,10,1,-53,-155,80,-245,-19,43,-126
64,61,-46,162,-59,110,-122,6,49,67
-15,16,-63,-216,91,-91,-25,47,-52,44
26,-120,63,150,-90,144,124,80,-48,-1
54,59,18,-25,70,-139,109,28,-122,-86
-12,-101,-91,-29,-82,-71,-47,128,2,208
97,130,-104,-36,177,-80,-49,-62,-167,-126
-150,45,-21,-249,98,4,91,-155,-92,7
90,-41,145,109,-139,-40,19,-20,39,64
-142,72,105,26,-74,-119,-60,33,-5,-189
208,129,-62,48,-17,5,150,-9,-150,-197
49,4,-35,96,43,32,23,105,141,64
32,-28,-22,-114,-76,-55,-64,26,-223,54
-162,905,26,70,11,-61,-143,54,45,-68
-166,905,239,83,68,-43,-101,176,-85,-49
-78,86,-41,226,44,-56,74,96,125,21
-179,75,-63,-93,-15,29,137,162,188,-151
-203,-18,-29,195,-16,-187,52,149,-14,83
-176,-131,-72,-5,-91,14,-31,155,10,152
-66,-18,55,-8,-64,-108,-92,0,-22,80
151,41,-45,-4,107,-33,179,-138,17,-193
-145,86,117,-19,13,-99,-93,130,34,-177
75,22,95,-60,59,-6,83,14,-191,106
107,105,33,18,-79,166,-26,-156,139,20
259,119,68,-123,248,-238,138,-166,-84,58
-79,30,36,-140,4,45,42,-71,5,4
51,-42,77,-53,-154,-31,79,-89,73,122
32,-3,88,-68,147,-43,139,40,-30,137
-26,-39,122,0,20,3,53,64,-52,111
8,98,-96,-90,69,-25,17,-35,3,-91
0,13,39,23,90,215,69,-65,-79,-100
-40,81,150,90,-168,-30,-66,46,-76,-16
-83,150,0,37,44,97,-33,226,-51,-54
-90,25,-54,45,-67,275,34,-27,-54,-48
-31,-65,-7,5,-11,-10,-13,-11,-108,-90
-35,-900,-91,-132,170,-44,0,32,36,-4
-167,41,-86,75,108,137,-98,-76,54,-40
-5,-900,85,-116,-39,31,-62,7,-42,-112
-34,-16,9,89,-100,126,67,-40,150,181
-58,-38,157,-90,100,-119,-10,-129,-130,90
-101,6,123,-56,19,-56,5,102,-95,19
65,-98,-222,97,-174,76,-191,-96,-26,39
-132,27,-1,-70,-7,25,45,146,77,87
55,150,21,-51,2,-39,93,-146,81,-6
-65,-45,-4,-32,46,-91,31,-83,-124,84
-91,-45,-165,-192,-39,149,67,-144,73,115
98,-138,-48,-132,-125,-131,154,-110,119,155
-100,-6,-37,-167,45,184,-161,-89,-88,61
-50,-900,-38,-7,216,-32,22,-17,-42,60
33,-117,-8,-203,79,60,63,6,-28,182
0,57,28,-3,-93,65,11,-188,32,-149
48,117,-160,97,109,152,113,-105,-49,-61
-45,-5,-91,-12,-187,100,-147,0,102,40
-129,-116,-35,-68,-30,9,-41,110,56,106
-46,-900,147,40,234,74,140,-33,-76,26
-157,25,142,-81,96,-102,-78,-68,-127,-60
-97,-70,-169,52,-74,-8,-31,-77,90,-83
-43,112,-10,-18,99,-46,-51,127,32,-65
131,31,69,-46,50,-28,-17,-202,-18,-45
-27,-91,87,-20,31,189,-139,0,129,67
-106,-38,-61,204,-69,-185,-131,5,-173,100
-27,-107,86,-13,-97,-202,-148,80,-305,-86
107,172,135,-132,-79,1,37,27,-9,29
-18,7,61,55,-15,-89,77,-33,16,38
114,7,-1,-98,-87,92,-6,2,-24,-70
52,-105,35,171,29,-60,-206,-15,-8,-61
66,18,25,223,-135,220,23,-37,77,-123
-21,131,126,-60,306,30,107,84,-149,102
45,-30,-122,48,-20,-81,96,27,76,-172
215,-35,68,-63,-95,104,28,-63,-146,6
40,57,20,85,-157,273,-191,69,-195,59
-110,905,-64,-119,140,-223,-146,97,-68,5
-82,20,128,96,57,102,-77,153,82,-8
55,167,-31,60,-48,75,-120,-32,-40,1
-89,-76,-117,-23,-4,72,-45,-33,30,-105
235,-133,-4,28,54,274,-49,-112,21,115
37,64,28,92,95,-86,34,124,32,101
91,-65,25,-118,127,-89,41,-72,156,-6
6,116,-42,34,-144,-12,116,-39,-139,-84
46,-17,69,-53,96,24,74,-176,59,-97
30,-900,142,-58,-130,40,131,21,35,-237
-92,-3,-125,105,39,-134,202,-146,-78,-113
-22,40,112,111,-149,-174,20,-175,10,-163
-12,58,144,-86,45,127,68,114,2,-107
-64,126,6,252,233,32,-83,88,160,-26
2,-52,-220,-39,-145,-152,-156,70,-139,16
41,2,19,56,-97,73,75,91,53,112
37,118,81,-21,-15,69,-175,-180,-7,46
-50,52,172,44,-35,-80,-55,66,-48,-33
10,905,-142,-31,-93,3,15,-83,-106,-76
112,78,96,-21,50,7,162,14,145,34
113,-27,154,-26,91,-48,-192,67,3,83
44,40,46,183,5,70,-149,97,46,-91
-98,905,19,184,-153,-163,60,-35,-21,-2
-155,165,72,-27,24,-66,-114,-157,196,121
-276,67,33,52,124,52,11,-29,-29,-42
37,39,62,112,34,-53,40,-89,-207,-28
-167,905,219,108,-15,70,137,51,-116,-59
-47,-77,45,82,-139,160,155,-23,173,93
234,46,-1,-283,-98,-52,138,-81,-89,236
120,5,-98,-119,38,-152,-132,16,141,-201
-125,6,-58,-82,4,24,166,14,0,164
97,124,79,-138,-214,56,-23,283,117,45
-4,-2,-115,80,-55,36,124,-118,163,-26
-114,62,10,-82,4,163,10,21,138,58
0,104,-117,-27,-23,-48,161,50,141,101
23,-4,-12,188,-3,144,30,29,-9,71
-24,-13,-78,41,-90,112,131,95,-153,25
36,23,-65,-51,97,117,-22,113,112,46
131,10,86,-116,3,-39,-98,-248,6,-75
118,17,59,2,12,122,18,-59,-113,48
86,125,99,-15,-13,46,94,39,-79,-146
-271,75,-42,43,-78,-50,25,34,5,-179
-50,43,-31,107,-119,-203,90,28,-93,41
42,-900,-28,-81,-54,-26,0,176,-73,86
-51,-5,-144,96,-23,-235,192,-119,76,120
-19,35,-62,65,-33,69,-30,199,33,-105
192,42,19,117,-44,-17,-75,-91,64,-43
-97,69,-12,-60,107,146,-81,-125,-15,-59
138,147,-138,40,84,92,87,-156,110,20
-58,-118,45,83,152,-18,-63,-222,45,-154
22,39,17,-140,-39,72,-111,-41,113,-85
-85,-284,125,25,199,-87,19,69,-24,-20
-3,95,-223,-15,-203,-2,-204,42,20,-90
59,221,166,83,-212,73,-100,-30,-34,-27
-71,-95,10,-21,40,110,-122,2,84,24
-41,-11,-3,-1,-28,23,38,-178,-45,246
-18,100,-86,70,-115,32,182,11,-185,224
-32,-54,91,21,-9,88,-99,-179,185,-226
77,905,133,-21,-106,-18,-73,-174,230,189
15,-89,-152,-90,83,-233,-64,-14,68,71
97,905,62,61,259,0,-10,-133,152,-135
-21,-35,-7,-37,31,-283,168,48,-155,21
17,-32,132,-163,-19,-35,-98,4,51,14
-59,-89,-100,15,-83,-132,-10,3,117,21
-53,74,-109,-15,-4,-36,125,30,128,26
-73,-138,-97,65,-50,61,-45,-48,137,47
2,-106,131,-128,-228,-126,-160,100,-74,23
64,905,98,73,98,0,32,38,-138,98
7,-113,208,43,52,-42,-16,17,19,107
-152,-77,42,-19,-119,210,68,-31,122,-138
-3,1,-1,70,-286,-49,69,44,-42,-113
-64,-900,15,189,39,-112,159,23,82,20
-111,-41,71,167,-15,56,-53,-21,-81,103
31,-8,-60,-80,-89,-26,-24,154,108,73
-57,17,60,34,90,33,77,61,-6,-89
-98,51,-237,-10,-200,-153,-82,39,-48,-194
-17,154,-52,-52,73,99,53,-67,114,34
-36,131,159,64,-33,-18,39,-102,-114,-105
-26,33,245,114,-20,23,30,-50,-137,-97
19,-59,-22,89,-32,49,64,162,-236,-28
64,60,-100,39,11,-161,-179,-17,-24,-2
-59,-81,-83,182,-76,-27,13,-45,-59,-5
140,-147,74,116,74,128,70,-100,-9,116
-38,1,-109,-73,-7,104,41,-48,6,20
182,-15,94,-55,-130,-155,-136,73,127,57
-111,-43,85,-62,-21,126,-76,-55,66,-158
-20,-32,170,61,17,80,-81,107,136,263
-63,179,204,-8,2,101,-128,-203,-10,77
-1,-96,60,-118,221,40,135,-82,119,-11
-71,-42,-95,116,16,-41,58,-31,-50,77
32,143,47,-23,-87,-61,-28,50,71,-76
-56,-161,-17,-245,94,-121,-12,56,239,-72
196,-12,-58,-66,-22,-27,-77,-69,52,-48
66,-39,77,80,-142,-96,-33,77,141,216
85,-65,49,40,-129,-38,183,160,180,-43
-69,-83,-31,0,-115,192,162,0,-35,-23
61,84,74,134,52,61,36,66,-8,72
7,-56,-53,77,108,-64,24,157,-3,9
89,-3,44,76,228,-95,55,25,-15,-23
143,905,127,-158,-124,90,77,-161,278,96
14,15,-49,-119,116,112,-42,7,169,-43
-103,116,-112,197,70,-19,-137,208,-74,-156
10,25,-58,77,2,-144,22,-40,116,-81
-268,26,-2,-38,-64,-83,56,157,-83,-12
42,116,142,-156,13,277,-26,-84,-95,147
-105,52,-130,11,73,3,74,115,-117,-86
-141,-163,-151,-36,-26,71,14,-12,46,-75
124,-152,215,-33,9,44,-17,-167,-13,119
-80,206,114,-27,58,27,128,18,36,46
134,137,-119,122,19,-87,35,106,92,94
14,-113,58,74,-48,-3,1,135,12,1
48,94,127,8,-16,28,-126,5,89,98
-102,-119,257,-153,-82,-117,63,4,-101,-30
6,-38,87,119,72,-27,-5,-92,-110,-92
-4,-21,38,-135,-101,34,144,151,-22,23
13,96,227,48,14,137,-18,164,-48,81
48,24,-20,-131,-59,69,-97,79,117,30
-24,90,-19,176,120,192,44,-66,-15,83
-137,60,-43,-45,182,0,32,-58,1,-149
24,-22,109,2,-17,-2,-62,128,69,78
80,-54,110,67,37,36,-134,-140,-8,48
-75,-9,21,-21,-42,-80,86,-36,-85,-11
95,54,-73,45,84,-69,34,24,0,-116
-84,-147,-38,41,116,191,-56,-123,-75,-3
-87,6,28,210,98,-4,15,-32,109,-194
-2,85,42,83,7,68,-42,-94,98,-186
-11,9,150,99,16,75,-22,-47,41,8
31,70,141,28,81,-129,-70,-252,313,-98
0,-24,32,46,-68,-61,49,60,348,-37
84,60,15,13,14,-62,138,-43,-43,-87
-198,-19,-21,21,165,140,-141,3,44,161
127,905,20,4,-8,-6,-97,50,-49,-118
51,45,70,113,-42,-177,-170,-20,177,37
26,-56,-57,0,-12,-51,-200,20,-124,3
39,-54,52,91,-57,81,-146,-179,-62,-25
-19,44,-14,-15,85,-119,169,-85,-9,-52
111,0,-139,-28,-141,100,-211,29,-8,-44
-32,76,-20,22,-9,-203,-23,75,-4,-102
-89,300,-72,18,-93,16,67,52,17,-17
23,-16,-121,-31,-64,-28,-30,31,45,86
-26,905,16,52,20,-106,-127,12,126,16
-50,142,48,68,-84,-10,86,-57,-46,-167
-92,-900,52,38,210,9,-90,-73,-117,-56
111,49,47,-60,53,-1,-57,115,-158,-18
-99,62,51,120,78,3,29,-27,-51,-5
-110,13,-57,174,68,59,68,27,-115,-82
77,104,-79,-45,-7,107,181,-81,190,-52
-90,-900,-20,-110,-228,-151,34,-13,-39,0
46,20,-92,36,161,-42,187,-63,-110,44
-14,57,-98,-108,-143,27,250,21,39,78
18,-62,-1,33,-160,24,154,11,-24,4
130,-107,80,-7,-82,-7,-203,-50,-79,-84
-27,-48,-73,11,53,127,139,69,113,22
9,-900,-82,-85,48,122,37,36,188,55
63,-276,77,5,73,-16,19,80,70,-42
-79,59,66,-37,44,107,30,-43,65,-36
4,11,363,-52,-14,-181,87,64,16,-154
26,905,-122,0,9,120,-234,57,119,-64
27,-98,122,-36,-3,105,-140,74,295,87
44,31,15,216,114,-18,43,-44,-4,19
65,89,123,134,50,85,-88,-35,-16,169
31,-78,87,44,-28,80,-13,115,65,-1
-68,33,-190,12,-150,97,71,-48,60,-139
0,-138,139,-25,-6,-79,19,100,47,215
-191,-60,160,133,-111,167,-115,-107,-45,-249
138,-19,-154,-5,-47,-124,-32,0,-50,-53
102,-71,84,59,59,-54,7,66,-1,-26
51,905,12,-10,43,122,118,0,106,29
-50,48,-202,87,74,204,54,-27,-29,-211
-83,169,-61,106,8,139,-8,-87,-144,-30
81,-177,116,-59,-25,-103,-6,80,74,19
51,19,-103,-132,-130,-88,-110,-12,0,-53
43,-900,-133,91,17,58,33,-47,38,60
-72,51,104,106,46,96,120,138,48,11
96,905,-72,-52,51,-167,-30,-42,-124,-296
-116,41,240,84,129,-4,36,-30,-88,-217
-125,164,-68,-199,175,13,-98,22,66,-10
68,64,47,26,-91,54,-21,76,79,83
131,-82,-67,-102,-57,-95,39,-65,0,-188
119,-900,85,60,-6,-282,33,-145,-6,-323
52,76,115,-65,81,83,1,-178,77,-116
-10,61,40,74,-91,84,72,43,3,-21
51,-144,-17,-118,34,-4,23,-1,-87,-51
-103,905,-11,138,122,55,-33,40,-62,-49
3,-18,-12,-22,-155,-122,-65,133,11,-73
-129,-4,51,28,199,-2,-18,-26,173,111
-42,905,-101,103,146,-55,-92,-45,142,-41
70,-63,-41,130,40,158,0,100,84,-14
118,-48,19,-4,53,197,75,-83,-92,75
-57,-89,115,109,120,-81,255,51,101,19
-73,-307,-146,-188,38,-172,-80,-5,94,77
-49,-101,33,107,34,14,-238,-54,194,75
96,-49,-84,6,-20,55,-134,79,60,-9
32,-104,-39,-1,-158,26,-23,108,-180,156
-165,37,-96,-70,-50,-52,-146,81,32,-14
-268,905,-106,-2,36,223,-66,56,-165,-6
-39,905,61,11,10,-33,-84,-36,-115,92
-26,-900,-47,-222,-34,-3,-47,-164,181,59
-112,-99,140,31,-6,-105,-127,-94,-162,93
-53,117,129,0,49,18,-17,209,-55,-89
104,905,194,-109,-15,0,-20,-23,33,146
-264,-86,-69,-110,-51,-40,-53,100,-62,-56
4,3,65,-183,-3,-1,50,-43,-68,-29
-91,-900,-10,-60,40,-53,-34,-16,-40,0
-18,-900,-122,6,-197,-17,59,-81,142,4
-35,107,12,-90,59,-129,-9,-140,17,-65
-25,905,-148,-16,50,143,-19,129,-46,82
-17,-76,38,-8,-96,46,-12,3,-18,95
100,-17,93,0,-73,154,-107,111,58,-97
-184,-60,120,-12,49,-116,-48,0,-81,-79
107,217,10,13,38,-148,251,-14,-77,-154
117,-100,77,78,30,92,-77,231,-47,-125
208,-19,-133,57,-21,16,-230,-90,-90,-16
94,29,-54,-98,11,96,5,73,6,-18
53,-9,-148,-23,4,-113,-33,14,114,98
47,-75,124,-59,-82,-17,-24,-29,-20,-1
-141,905,14,-12,-77,8,-29,-36,-86,133
99,-270,100,-7,105,128,57,48,-110,3
104,27,-151,-51,-101,189,142,-73,9,114
-168,-76,-147,39,27,-131,-94,84,77,10
-71,-133,-39,-84,-11,61,8,-13,2,-50
-77,52,34,102,104,179,174,-15,-282,-110
-6,-35,124,-228,42,47,-38,-88,-82,-51
189,142,-54,112,-51,2,31,12,79,49
-128,82,-20,31,33,-85,9,-15,108,-45
16,21,101,138,-71,-2,106,126,198,-92
131,-22,-69,-49,105,-118,198,-78,33,42
84,113,167,213,165,-104,26,-113,-18,38
-74,12,-25,121,-19,-123,1,76,-20,135
-66,-36,-88,-80,-100,88,-15,-62,-117,-150
-111,-22,-86,-158,-150,-58,29,-57,94,127
219,158,215,187,-26,42,-113,85,-31,52
-60,-900,300,-61,72,35,39,147,5,-83
-164,-900,-36,16,187,-208,21,167,83,55
-157,246,108,-70,-85,-117,48,184,67,84
9,-900,-63,79,68,25,-38,-75,144,17
79,119,41,29,77,54,138,13,40,-82
-162,61,58,-33,-3,45,143,-20,-72,71
50,-57,-21,-142,77,132,-115,-262,102,169
116,77,4,5,48,140,-156,87,-32,-217
-18,-114,-23,-43,-49,78,-39,188,-92,199
192,71,26,-27,42,173,99,103,9,29
129,905,-125,38,0,-91,-93,164,94,16
-83,39,12,113,-107,-24,76,30,-65,-85
-12,1,19,-99,108,37,33,-78,67,-23
2,905,108,-144,66,154,-25,-15,176,-78
-2,-86,-102,-73,195,151,19,-61,172,-71
64,-91,9,-111,-53,59,-51,-256,22,-12
-62,-900,-29,-114,-100,52,138,-141,-73,-24
-2,163,-43,-136,35,-86,113,12,-56,-47
2,84,98,-156,208,72,30,-35,256,-50
29,-88,-118,64,54,150,-43,107,57,-61
24,-18,-125,-145,59,123,243,133,114,61
-60,43,-104,-96,180,-82,-116,-15,-57,3
75,-81,14,71,34,36,-75,-117,13,46
-61,20,17,-193,105,69,51,-40,-60,164
-23,905,-109,-137,236,-33,0,2,130,-42
25,-38,-187,16,90,-5,-9,87,-71,105
19,-19,53,-76,67,41,203,-2,-73,10
94,28,9,-72,-76,57,67,-124,-10,54
103,-114,34,-12,-65,-247,-179,-32,-238,85
-50,905,-33,-64,131,82,-139,5,106,41
-8,7,-3,-6,-33,87,-192,26,-11,85
-19,-66,195,20,123,132,-61,19,-14,-81
-11,94,6,-23,22,108,187,-57,-177,-87
56,74,-161,-67,-67,-88,112,0,-40,-61
-8,196,80,-96,-58,66,-23,-14,-7,-68
-180,-53,-16,50,18,101,81,-69,111,20
95,-52,-52,-170,24,3,53,45,-180,39
90,113,-213,158,22,-79,134,19,7,164
190,98,249,-79,99,-2,-48,-155,72,48
-91,152,90,-2,-49,-99,-10,-70,23,49
-229,-244,-99,53,-103,2,76,18,-88,114
-19,38,89,202,-71,66,48,105,-21,-68
-140,50,-65,-89,140,-51,-21,204,54,57
-83,36,-212,-79,101,251,-119,-12,-128,-41
-95,14,-110,-2,-22,-113,102,126,89,-18
75,172,61,15,128,-120,49,-37,215,-18
113,38,31,-187,65,-38,-30,-36,121,-41
64,44,-3,-145,-69,60,13,-144,-44,-29
-33,106,88,-99,146,182,110,-52,-54,25
-285,-900,-111,-77,-198,63,157,-25,-106,30
-45,33,5,7,11,8,-86,-134,75,40
21,905,-64,32,286,-16,-61,-75,49,-240
28,-900,-74,-18,73,220,-172,-108,73,-37
18,-53,63,28,-8,68,5,130,114,-3
137,114,-77,-258,159,-114,99,-110,-265,254
107,35,-37,44,-49,239,-18,44,-36,-45
-239,0,124,-65,-60,-143,-134,78,174,74
60,-103,-18,227,-16,-59,-119,-40,-132,-186
-39,-16,24,9,139,104,49,-58,-51,140
151,35,-80,49,-38,45,43,-63,-44,-41
43,-9,226,-27,-34,84,28,75,92,74
89,62,-12,129,-15,5,30,61,123,113
74,19,107,-3,95,-165,216,142,-143,205
-36,18,124,-29,-258,-94,-51,-7,13,71
134,2,-103,91,-91,102,-136,-131,13,154
-48,16,-105,-99,-133,-51,9,-18,-11,-215
158,188,-169,-80,-184,-61,-9,-52,-27,23
93,-8,-90,60,77,-11,43,61,-16,95
-92,107,202,-94,-149,18,-91,-77,-56,-47
96,-54,65,159,16,136,-119,-81,-79,60
-37,-20,51,13,134,21,87,243,-97,211
204,25,57,-52,92,53,-110,39,63,-153
-54,63,26,150,139,-51,-87,129,50,50
-137,905,28,-13,-129,-100,33,-117,-18,123
14,48,-87,-41,-12,20,-7,-48,-72,81
55,-900,-30,-19,-230,-10,43,-14,-145,135
144,6,-143,-41,26,-30,6,-70,-230,129
-198,-21,-160,3,137,104,45,28,-30,180
-33,118,132,-31,76,-8,-110,210,45,-17
72,113,102,14,18,-55,140,-116,22,10
-42,-19,-117,194,-77,5,-119,-101,-25,37
-60,111,34,39,175,-68,4,53,-113,155
-23,-51,-93,-20,-66,0,-341,-24,-53,-18
157,29,41,-81,12,25,58,90,-38,-42
88,-36,115,-8,-32,-54,-76,224,-1,23
-45,90,-150,305,50,-3,0,21,-7,-92
-130,18,6,-36,7,-70,-12,32,45,67
253,71,34,-130,-76,22,274,136,165,-94
-94,-76,-135,68,96,7,19,-211,133,-34
120,50,147,-2,182,-199,-118,2,65,87
33,57,49,176,-98,154,-61,-245,-60,184
-102,-28,-40,-155,-83,114,-24,-23,79,-94
-1,-36,-93,96,62,308,95,27,85,-71
-62,-13,-39,-17,-57,-168,37,-30,296,94
-144,77,131,71,117,-116,86,1,-85,-75
-210,66,-85,31,-51,-52,-2,28,106,-45
30,-296,96,62,68,-110,48,-176,-134,42
38,52,57,4,179,-154,105,0,53,-84
-152,-248,-104,-15,213,22,162,-132,-55,-117
-74,-5,21,-9,-120,-101,-246,38,13,-152
189,905,37,-3,25,101,-35,137,-72,98
204,-181,126,-58,9,-55,-71,-65,-10,-9
-25,-89,0,-25,-39,107,-97,-49,24,73
-4,-5,30,147,-27,-138,-249,-34,27,-29
84,-82,-98,-40,50,50,-70,-2,-69,5
-171,-900,13,29,-15,-3,-29,65,5,-12
-305,36,-35,135,90,-269,-40,-31,-117,-80
18,905,-90,1,-63,-63,37,52,-16,188
158,-59,-90,-41,84,-166,-63,76,33,35
-49,-1,54,-113,-180,42,-10,66,-13,67
278,-183,-57,-116,85,-229,-166,129,22,61
29,160,46,57,26,9,-111,49,-61,33
211,-1,-134,56,21,81,10,186,-56,-13
127,105,-77,-138,-35,-67,-76,-57,-78,-147
-69,905,-56,184,57,-31,-21,6,-274,90
130,-74,241,177,24,19,-109,195,-57,109
-236,-107,45,-51,-137,13,-101,47,-115,-126
143,50,-129,-89,8,23,-19,-36,-183,54
102,-128,-61,-50,-186,8,-114,47,62,-57
-61,-152,34,-29,0,270,167,97,90,120
-247,-198,-11,76,-77,54,19,33,-80,56
-8,56,-55,-80,96,96,-59,22,65,-20
-95,22,39,-144,72,10,-51,-145,-88,50
2,-27,17,5,32,70,11,26,0,85
-21,14,-17,166,-43,129,39,-198,56,87
36,-65,-85,80,-11,-43,-99,53,-69,-23
-12,-11,121,92,56,-12,88,-170,39,-96
61,-61,33,30,-96,69,55,43,4,-96
-7,196,-43,65,97,54,16,182,52,123
51,-113,-89,-42,37,-244,24,97,118,-149
185,-22,55,-106,91,-71,27,55,-135,-64
146,98,-155,3,96,68,-84,13,-84,86
-19,88,138,-125,7,-25,40,93,-93,-19
-2,905,-25,-17,0,33,2,9,103,-83
-168,905,17,99,-18,10,-13,227,167,-17
-18,1,53,41,93,21,139,-62,-28,-124
83,-18,60,153,-138,-47,-68,-107,80,-147
51,-126,35,42,-105,92,52,145,-75,-114
121,-900,62,98,-20,89,-73,198,-109,-180
-256,-19,-49,-73,56,7,-217,-69,70,-178
-143,-35,-50,38,-41,120,38,-40,101,111
64,-98,-19,88,86,-86,-5,23,-61,8
-21,8,-46,78,44,-54,42,43,103,-24
-15,130,91,61,-150,93,-2,13,53,-51
-81,-900,-60,-20,-176,24,-144,79,52,49
46,-86,-101,-125,16,-88,-97,160,20,-28
-83,-48,-23,76,-196,68,-207,5,-130,-16
-4,-210,-16,-24,6,2,45,-85,-102,-180
1,140,111,147,-60,-113,-215,275,-35,181
30,-15,-4,136,100,19,-54,-126,148,45
-133,65,-125,152,2,-132,-99,124,88,49
-59,-111,96,8,-145,51,-82,16,59,50
15,905,122,-6,74,14,5,-168,-51,28
-125,-53,-5,-36,61,120,147,181,68,175
24,78,-58,65,-79,185,-76,157,-4,-54
-141,-34,43,-119,-95,62,38,169,36,176
21,-102,32,-78,46,-94,-54,-22,-67,150
147,110,44,80,195,-131,127,-85,-47,-167
-14,-72,-13,-38,233,112,-4,29,89,-62
-10,202,164,-211,-62,152,-103,-44,-167,57
-61,-119,96,46,46,16,-22,228,-3,176
25,110,-25,-69,0,-78,-142,51,-72,123
-50,-28,-21,-28,-68,38,62,-15,-141,-42
128,178,49,73,126,-86,-36,-49,-39,78
-107,-34,-132,31,-36,-17,7,43,-76,17
152,-21,88,59,-204,174,-56,-19,3,-57
-48,54,-16,91,-68,-79,144,36,-48,-21
60,194,28,26,106,-140,74,-104,-84,-32
-40,122,119,27,-32,-35,-27,-25,147,-12
123,221,69,128,-7,-85,-145,-51,3,241
-64,-111,-26,134,-97,25,-238,-126,40,87
-3,-900,12,80,121,87,24,-138,55,-100
155,161,-27,-98,-24,141,38,-5,11,68
98,-5,-11,-13,-40,-4,218,98,-67,-28
106,-95,-21,-12,-85,-116,10,-8,-155,-163
-45,207,-95,-32,-45,29,-94,88,52,192
173,-24,21,-178,32,-7,-146,-52,-129,-37
1,-900,96,-97,-59,36,-175,52,-110,-34
-82,24,104,-44,-59,-166,-43,-112,62,0
61,22,81,-5,-19,27,-38,-38,-88,-155
-103,-125,-183,-104,-355,97,-50,-36,28,-59
-15,33,72,38,-56,-174,63,-32,4,-88
101,-46,-47,18,-169,-9,-57,62,134,-82
-5,43,42,-128,-96,-26,-2,45,-103,-59
11,905,113,96,54,49,90,78,97,-148
-22,-126,-23,17,-139,86,5,-105,-97,-96
-72,8,-162,14,21,45,115,-37,-55,11
-24,-9,43,-75,-43,-164,35,29,83,88
-43,155,81,-76,22,79,12,-55,-195,-59
95,142,-53,156,-1,213,25,10,17,122
51,-3,-6,-50,30,-24,-163,-81,-43,-55
85,-215,-7,-118,58,125,-126,103,-13,-62
150,-175,5,-162,92,62,-9,-119,44,110
146,62,-40,-24,30,-40,-35,103,-34,-156
-13,-41,-23,-67,10,-46,-99,103,33,-129
0,-51,-23,25,79,-53,95,-209,59,-67
-68,-198,-61,90,10,-124,-114,-84,-59,-20
-66,29,-179,-152,77,-79,45,9,-13,115
56,139,121,-48,-46,164,-171,-165,-47,-165
-187,158,-32,6,82,-65,-34,70,-63,-259
-98,-72,-34,63,-87,25,-11,-18,-80,-12
9,34,54,-46,-19,95,-127,82,-78,-56
86,905,-38,53,-95,-60,-75,-4,-73,-132
32,6,-82,-54,-171,-116,122,22,-186,205
-163,-177,7,-70,-44,22,-161,-11,15,59
90,-56,74,-329,54,35,-36,68,-42,-151
-3,-165,-52,78,-3,-120,-69,-15,-75,-28
126,-61,-177,38,9,5,177,5,28,-14
-51,-93,54,-106,124,103,8,-227,63,15
190,12,40,0,-170,167,105,207,247,102
81,155,57,-17,-83,83,161,118,110,-30
-23,-900,-118,92,-102,35,-56,-102,116,-51
-157,-134,204,-128,91,-62,-194,103,34,-44
14,-900,-133,-101,79,18,96,34,-63,-64
-168,85,127,211,-42,53,-124,-35,141,101
55,-3,201,67,34,-79,-74,198,-196,-203
24,905,-13,1,-122,-7,300,165,-45,98
138,905,-21,1,305,24,-60,-27,-289,-139
-50,-900,8,-6,-147,-63,68,82,-111,34
45,-107,111,-34,-76,57,-20,-104,80,39
156,-22,-295,-190,57,-4,-234,-6,53,79
-19,-110,125,-20,-113,139,14,-27,84,15
11,112,-42,-58,66,-5,-55,-2,174,-166
-143,-158,-50,37,119,-111,50,17,-69,323
108,-105,32,169,195,57,-34,78,10,114
-93,87,-137,37,-38,-188,18,-44,94,58
-8,-27,10,218,-60,174,-164,-16,61,51
39,-136,-1,-1,9,6,82,-57,-53,26
-121,-179,95,-13,169,-86,-90,-56,-140,28
-23,69,-338,62,-36,-53,93,-36,-42,36
-48,-17,171,76,-111,351,10,-88,126,-65
117,129,57,-69,30,105,113,170,-65,-77
231,-900,-53,50,-38,-196,-51,-24,176,42
78,98,47,-73,32,-41,-55,41,148,13
-95,-1,117,124,89,244,-61,12,136,12
-223,47,151,27,-13,17,78,-55,-16,28
45,69,80,-151,-75,-287,-138,-178,136,-187
175,98,18,-3,-36,103,195,-118,-18,23
116,-1,11,-124,-127,-127,45,-49,46,-45
-5,-18,18,94,-41,63,0,-123,-226,13
-134,-900,89,120,-45,-57,134,25,-63,-21
105,-105,-170,7,25,71,-38,-102,-26,-111
93,-77,-44,49,-2,67,-33,71,-60,-141
191,-29,-119,87,91,150,37,-232,-65,-153
-6,80,-112,54,-81,60,-199,155,-152,54
-93,65,-138,-17,183,125,0,59,219,-17
126,21,159,-140,16,14,3,-91,-421,59
-18,-131,-57,146,174,137,-24,-117,-37,10
-71,-34,174,143,3,-22,107,59,-37,-148
-92,-72,21,-63,-108,58,-108,-135,130,72
171,124,122,160,90,72,-73,3,131,124
52,102,-58,101,99,-19,25,78,117,76
55,85,255,-48,-137,12,156,-50,122,53
24,5,203,-80,32,57,40,-13,58,65
43,28,165,122,-23,57,165,64,-33,-160
42,-2,31,162,-39,93,-3,1,84,42
-209,-54,-80,186,105,13,52,26,-39,-33
-92,-103,3,-57,55,-147,-37,-80,103,195
-137,50,-19,-39,29,-61,168,97,-46,-57
-49,61,12,84,75,207,-58,-16,70,36
-8,56,171,83,84,-155,-53,174,82,-23
150,42,171,30,-284,-50,-75,-1,62,96
-25,-61,51,48,30,-111,41,14,39,40
-98,151,-166,17,113,-40,117,-61,-129,103
45,-87,-36,-67,-46,-4,119,-157,201,-255
-88,50,-204,53,-200,131,-34,39,166,92
71,163,-12,7,-31,52,-156,159,18,56
-191,2,202,221,43,-69,-18,71,-110,49
189,29,51,-155,-10,81,21,101,154,-188
-88,1,23,87,-50,21,67,-153,-108,-30
140,125,-44,-40,-38,134,-82,82,-168,80
47,44,133,-135,-103,-84,235,-261,-43,-123
37,135,-111,-105,170,0,-59,-161,-51,-90
63,17,-76,-79,21,-71,17,141,48,132
-117,-88,-71,7,55,-55,-166,68,31,-165
0,-900,-62,40,12,25,212,18,65,-36
18,-32,-146,57,-262,-79,-95,-33,-66,-42
-21,-179,163,-47,-147,18,-92,-141,-19,90
95,73,-24,-28,112,330,-14,-146,-166,36
100,25,14,26,115,23,-29,-56,-21,-89
-21,-21,-28,147,60,81,129,-11,18,63
120,1,120,-70,-190,86,-74,28,71,-54
-72,-169,6,-114,-11,175,146,-62,-111,207
114,79,4,170,-146,-110,-24,-136,-194,105
72,-103,-20,-74,58,188,-280,-98,-47,-127
-66,11,-27,63,-10,-52,47,-49,-147,-199
80,29,-146,-137,71,-243,-46,96,-29,76
43,-10,-71,27,-27,230,-240,86,-50,-105
98,71,-32,255,181,85,154,-113,-4,11
92,117,72,76,-89,130,-31,64,188,59
-153,158,32,-10,17,-49,7,-87,-79,225
8,24,-101,-79,113,-28,30,-17,-79,-97
-87,55,15,70,-30,36,19,93,-41,-2
52,-72,88,69,-5,-39,38,5,-75,-50
-33,39,-42,101,47,97,-42,-52,-28,-30
-207,-56,-116,37,-35,-37,92,-52,47,-12
67,-19,61,-56,-137,31,-58,-67,19,47
-104,905,-144,102,-114,87,13,21,5,137
9,-101,-108,-111,-147,-73,35,-43,23,37
101,-54,46,-4,27,84,102,8,16,215
8,-20,220,151,27,14,-84,38,58,-4
-103,-61,144,-154,-83,152,-39,-48,144,119
-232,-50,175,-137,-30,84,141,53,-29,-85
-99,-23,52,-118,-116,-10,148,-146,-87,6
-108,905,331,20,20,56,-76,-73,34,99
80,51,-64,37,-25,78,118,-33,-54,-71
143,-173,78,124,82,-13,-40,-63,-157,153
-40,156,195,-39,181,-16,-8,35,61,-141
-258,46,51,-94,-99,0,-172,83,-55,65
-34,61,-147,-33,-88,57,-23,61,11,43
-13,17,-57,-80,116,39,-188,-70,5,90
167,-78,24,48,-21,-87,-156,-74,-217,78
58,-72,-262,183,-204,27,125,22,3,-40
-111,178,12,27,-163,39,-73,-41,159,22
-243,68,35,124,5,-168,5,53,74,-19
-48,-41,112,-15,-53,39,-17,-62,-168,-21
-148,905,66,-83,-48,171,-71,103,4,90
-33,-900,-239,-75,259,-53,-12,32,-81,-48
-144,203,-144,17,1,122,86,-52,-7,51
-28,905,-42,-46,0,-42,-203,17,127,-7
37,15,16,130,8,-27,115,-9,130,-85
-70,-900,62,-226,65,-68,35,-83,24,-84
-158,55,-193,1,58,-123,-191,49,-74,-30
14,-900,12,48,-39,-53,131,-2,-80,45
-54,109,-93,-152,-23,-50,120,-33,-33,-128
81,-157,50,112,61,-41,48,6,21,-4
61,-110,-67,-5,216,135,-14,7,-92,96
-140,-82,23,-25,212,155,19,-49,-6,10
-65,-100,64,-124,-100,-73,-64,25,-56,91
-120,-145,22,104,-50,22,5,77,114,45
112,91,32,-173,110,-116,102,-1,-11,28
-101,-38,-2,68,-69,84,6,32,100,48
23,-5,87,152,53,-29,124,154,176,22
-71,182,-28,-14,-271,-71,-90,-42,-47,-31
86,-82,63,-23,-163,28,-16,-147,0,78
59,205,65,-72,60,-73,27,58,1,64
37,-134,120,-49,-189,-73,-77,128,10,-24
-78,94,92,-64,35,112,202,132,-160,-4
-24,-112,4,-70,183,-13,113,121,71,-223
80,-128,141,147,-221,159,13,-201,-39,60
-56,-22,120,55,29,-97,-27,42,9,12
-120,30,75,-43,73,108,74,63,-38,-112
15,-31,-46,63,121,121,-68,183,-108,10
140,-900,-152,-10,3,87,-68,18,3,-93
87,-171,-73,65,-129,-1,-63,-84,-58,44
-140,71,59,-149,-76,-9,51,-43,69,-120
-91,164,1,-87,-82,121,-1,7,-79,-8
241,36,149,38,-52,30,-41,-66,-202,62
97,-132,11,-79,16,-124,128,19,163,76
-5,-21,-126,17,-94,36,101,-204,149,130
68,254,-187,44,159,-43,24,-10,-30,33
-56,78,-93,-113,3,46,201,-40,203,-205
-62,110,-11,22,7,209,-87,-105,18,69
88,47,-9,-88,91,39,-190,40,59,-31
43,-92,88,52,155,131,-12,34,-48,98
-86,-21,14,11,-100,-32,-38,-35,-31,-3
-7,92,-95,124,28,23,-3,-5,-69,231
-71,7,46,238,-127,-51,-109,45,116,-39
98,175,1,-218,-15,149,-36,-7,82,64
28,-14,149,-38,108,-68,-17,10,41,-43
61,-71,23,46,-89,-103,66,-27,-144,93
210,-89,143,-32,215,15,-38,-55,43,52
65,-116,-71,-97,219,28,-190,48,-172,25
-149,-74,189,-145,-22,151,111,75,170,150
99,114,-161,30,86,6,-79,15,111,41
153,-124,-11,-13,134,-94,-101,-74,104,-153
55,35,189,104,73,-244,56,113,73,2
106,73,-157,-78,243,-56,-119,-43,-104,150
96,-235,-61,58,53,63,56,-46,141,-62
121,8,-177,-30,118,-47,199,114,42,60
-231,905,27,26,59,105,-41,-154,133,-28
-2,64,45,-56,76,28,-124,-78,-179,-233
-16,117,-108,108,-23,-9,60,137,26,32
-69,130,-4,32,-179,22,-122,39,4,123
28,109,218,-168,267,46,-33,-103,-195,17
127,-19,-10,20,89,-39,42,53,-12,-162
-78,-34,-88,2,-42,-12,-100,-59,1,179
27,35,-45,-254,43,-52,-19,-103,168,96
-141,-54,21,193,126,-176,4,41,61,35
-79,905,-133,16,52,-28,-106,-31,-43,175
106,49,24,85,-41,38,82,-73,60,117
-169,-35,19,100,100,-170,5,-108,-40,117
63,110,39,138,164,65,-67,-60,57,173
-125,119,-163,102,31,15,159,-117,206,131
36,180,-13,174,6,83,202,97,14,-187
149,-9,-79,100,-108,102,154,4,49,2
94,-17,-122,-81,56,44,17,-53,-11,-72
-74,197,-18,100,103,-79,-172,-104,49,26
-180,105,-75,45,-110,-95,-98,47,68,4
-111,-10,30,12,13,77,80,8,-129,-27
32,-15,-59,-263,114,-126,-99,-149,23,-68
64,113,-12,9,94,-171,-136,-185,57,118
-214,18,-133,134,163,63,49,21,0,-57
60,-62,200,157,98,0,-19,-33,-46,15
-76,99,-124,48,0,58,-185,29,20,39
-33,145,-25,55,18,-99,-87,-105,85,-16
-135,54,-225,-102,60,71,-92,117,-47,81
76,-9,35,114,-260,45,-131,-61,-79,-105
-140,99,0,9,-1,26,25,-42,58,69
20,-146,-222,76,180,25,-34,161,50,11
-256,137,-66,-48,175,-43,36,-104,22,-75
37,-183,-98,54,130,36,-5,-109,48,71
45,-160,23,0,-42,95,-34,-121,-40,-67
13,82,5,37,107,112,40,-268,288,113
125,-127,-18,162,-174,-10,-14,24,18,-90
16,-81,82,-6,-60,-169,75,-167,6,-35
-150,-37,-12,-198,-117,16,14,40,-28,10
7,14,-88,-150,41,53,67,15,-214,-116
-75,-77,48,95,-138,-113,-115,5,-18,-8
15,71,39,-11,55,48,-31,12,-96,54
155,217,61,29,-48,17,-106,-8,38,103
95,110,-199,-1,-78,-19,-19,53,9,-94
86,22,-1,97,144,-56,-169,-106,-15,-71
-19,-124,37,156,34,52,-133,99,91,-19
-80,66,27,-120,-93,-93,-47,17,-184,41
127,-103,118,-35,132,127,0,184,86,95
-65,102,-122,-176,-123,34,23,-14,4,-124
123,142,106,-53,198,56,100,-78,151,5
-39,-50,167,-105,-129,108,-41,-13,-140,-25
-85,-21,7,-200,65,-20,49,68,-77,104
-53,-81,44,-44,-122,51,-15,115,62,59
-51,-78,94,7,62,5,27,145,188,72
-92,-18,-136,-34,-192,-17,214,-4,-70,47
-143,-14,4,217,-35,-44,-85,23,-255,178
-17,-102,61,64,163,-146,125,0,32,100
58,84,81,150,-33,73,28,46,9,-3
-180,-129,-87,-55,-113,-2,-116,120,-110,27
-45,-20,33,29,-1,-136,-58,3,64,0
-115,8,-67,79,136,-23,111,35,-102,2
-22,112,-44,-28,157,-18,-179,-201,-151,116
73,114,-15,-152,-141,39,-58,-1,-47,-12
40,185,102,64,130,-34,-43,-121,-115,-60
295,-217,149,175,-27,138,-79,41,-8,-78
93,103,107,-3,-60,107,15,139,-174,73
17,51,7,10,102,-4,-60,-121,100,-8
199,905,117,-82,-17,186,15,65,-119,138
45,153,-105,23,-1,-26,24,59,8,-151
158,143,-10,1,124,35,-97,44,-57,35
44,65,-22,-1,44,182,29,54,135,-30
22,112,-62,25,79,1,-168,65,-11,-57
-112,-76,38,104,57,130,65,-177,2,-27
-60,-16,52,100,-108,-132,-58,83,3,-111
84,-20,-28,-161,-85,-65,61,70,-86,53
